user_id,avg_sessions,avg_features_used,total_tickets,avg_nps,total_mrr,months_active,plan,churned,industry,company_size,acquisition_channel,churn_probability,risk_segment
U0001,2.4166666666666665,1.75,4,6.0,0,12,1,0,2,2,3,0.36,LOW RISK
U0002,34.5,9.916666666666666,5,6.333333333333333,4788,12,0,0,4,4,2,0.07,LOW RISK
U0003,19.083333333333332,5.083333333333333,5,7.0,1188,12,2,0,3,2,4,0.15,LOW RISK
U0004,8.333333333333334,1.0,0,6.0,87,3,3,1,1,3,1,0.99,HIGH RISK
U0005,2.5,1.25,10,6.0,0,12,1,0,5,2,3,0.19,LOW RISK
U0006,2.3333333333333335,1.0,2,7.0,0,3,1,1,1,1,3,0.97,HIGH RISK
U0007,3.0833333333333335,1.4166666666666667,6,5.5,0,12,1,0,4,3,1,0.26,LOW RISK
U0008,17.0,5.5,6,8.666666666666666,1188,12,2,0,4,0,1,0.14,LOW RISK
U0009,8.25,2.1666666666666665,7,6.0,348,12,3,0,5,3,3,0.11,LOW RISK
U0010,20.666666666666668,4.666666666666667,2,6.0,297,3,2,1,0,0,3,0.99,HIGH RISK
U0011,2.0833333333333335,1.3333333333333333,11,5.0,0,12,1,0,5,3,1,0.16,LOW RISK
U0012,25.0,10.0,0,6.0,1596,4,0,1,2,2,3,0.81,HIGH RISK
U0013,15.916666666666666,5.333333333333333,9,5.666666666666667,1188,12,2,0,3,3,2,0.07,LOW RISK
U0014,2.5833333333333335,1.5,8,5.0,0,12,1,0,0,3,3,0.22,LOW RISK
U0015,4.0,2.0,1,6.0,0,1,1,1,5,3,1,0.99,HIGH RISK
U0016,2.3333333333333335,1.3333333333333333,4,4.5,0,6,1,1,1,4,4,0.98,HIGH RISK
U0017,4.0,1.0,1,6.0,0,1,1,1,0,2,1,1.0,HIGH RISK
U0018,6.916666666666667,2.1666666666666665,12,7.0,348,12,3,0,0,0,2,0.09,LOW RISK
U0019,7.875,2.625,3,5.5,232,8,3,1,5,2,1,0.87,HIGH RISK
U0020,1.8,1.0,4,6.0,0,5,1,1,0,0,1,0.98,HIGH RISK
U0021,7.75,2.25,10,5.0,348,12,3,0,1,4,2,0.03,LOW RISK
U0022,2.0,1.0,2,5.0,0,3,1,1,4,2,1,0.97,HIGH RISK
U0023,2.5,1.0,1,6.0,0,2,1,1,0,1,4,0.99,HIGH RISK
U0024,3.0,1.0,3,6.0,0,5,1,1,4,4,1,0.99,HIGH RISK
U0025,8.0,2.6666666666666665,8,6.0,348,12,3,0,1,3,2,0.05,LOW RISK
U0026,18.416666666666668,5.166666666666667,9,8.0,1188,12,2,0,5,0,1,0.02,LOW RISK
U0027,2.5,1.0,1,6.0,0,4,1,1,3,3,1,1.0,HIGH RISK
U0028,7.2727272727272725,2.090909090909091,5,4.0,319,11,3,1,0,3,1,0.86,HIGH RISK
U0029,7.363636363636363,2.727272727272727,6,6.0,319,11,3,1,3,2,2,0.93,HIGH RISK
U0030,2.3333333333333335,2.0,0,6.0,0,3,1,1,1,4,2,1.0,HIGH RISK
U0031,6.909090909090909,2.272727272727273,11,7.0,319,11,3,1,0,4,2,0.22,LOW RISK
U0032,3.0833333333333335,1.25,9,5.333333333333333,0,12,1,0,4,0,2,0.48,MEDIUM RISK
U0033,2.2,1.3,11,6.0,0,10,1,1,2,2,2,0.71,HIGH RISK
U0034,37.0,9.833333333333334,8,5.0,4788,12,0,0,3,2,1,0.13,LOW RISK
U0035,33.333333333333336,9.916666666666666,5,6.5,4788,12,0,0,0,0,2,0.05,LOW RISK
U0036,18.166666666666668,5.583333333333333,4,6.0,1188,12,2,0,3,2,0,0.35,LOW RISK
U0037,2.4166666666666665,1.25,7,3.0,0,12,1,0,0,0,2,0.31,LOW RISK
U0038,2.3333333333333335,1.6666666666666667,4,6.0,0,3,1,1,5,0,3,0.95,HIGH RISK
U0039,6.416666666666667,1.8333333333333333,10,5.2,348,12,3,0,4,0,1,0.14,LOW RISK
U0040,5.0,1.0,0,6.0,58,2,3,1,3,1,3,0.99,HIGH RISK
U0042,7.666666666666667,2.0,7,6.0,348,12,3,0,2,1,2,0.2,LOW RISK
U0043,2.0833333333333335,1.25,9,6.0,0,12,1,0,1,2,0,0.27,LOW RISK
U0044,32.42857142857143,9.857142857142858,3,7.0,2793,7,0,1,0,2,1,0.73,HIGH RISK
U0045,3.0,1.5555555555555556,9,5.5,0,9,1,1,3,2,1,0.74,HIGH RISK
U0046,6.857142857142857,2.7142857142857144,2,6.0,203,7,3,1,1,2,3,0.97,HIGH RISK
U0047,2.5,1.4166666666666667,13,4.0,0,12,1,0,3,0,4,0.22,LOW RISK
U0048,5.714285714285714,2.142857142857143,5,6.0,203,7,3,1,0,4,1,0.95,HIGH RISK
U0049,6.583333333333333,2.3333333333333335,8,6.0,348,12,3,0,2,0,1,0.13,LOW RISK
U0050,2.0,1.0,0,6.0,0,1,1,1,5,4,1,1.0,HIGH RISK
U0051,30.5,9.666666666666666,5,7.0,4788,12,0,0,2,4,1,0.1,LOW RISK
U0052,27.0,6.0,0,10.0,99,1,2,1,1,0,3,0.87,HIGH RISK
U0053,32.166666666666664,9.833333333333334,0,3.0,4788,12,0,0,4,0,2,0.22,LOW RISK
U0054,16.666666666666668,6.666666666666667,0,6.0,297,3,2,1,5,4,1,0.99,HIGH RISK
U0055,7.0,2.7142857142857144,8,5.0,203,7,3,1,1,2,2,0.81,HIGH RISK
U0056,43.1,9.8,2,7.0,3990,10,0,1,0,0,1,0.31,LOW RISK
U0057,4.0,1.0,2,6.0,0,1,1,1,5,1,1,1.0,HIGH RISK
U0058,2.9166666666666665,1.0833333333333333,4,4.5,0,12,1,0,1,0,3,0.36,LOW RISK
U0059,3.0,2.0,2,6.0,0,1,1,1,0,4,0,1.0,HIGH RISK
U0060,2.857142857142857,1.8571428571428572,3,7.0,0,7,1,1,2,1,4,0.99,HIGH RISK
U0061,2.2,1.4,6,6.0,0,10,1,1,4,0,1,0.95,HIGH RISK
U0062,2.5,1.375,6,6.5,0,8,1,1,0,0,4,0.54,MEDIUM RISK
U0063,17.666666666666668,5.0,9,6.666666666666667,1188,12,2,0,3,0,3,0.09,LOW RISK
U0064,2.6666666666666665,1.1666666666666667,4,6.0,0,6,1,1,0,2,3,0.9,HIGH RISK
U0065,3.5,2.5,1,5.0,0,2,1,1,0,0,2,0.99,HIGH RISK
U0066,7.583333333333333,2.1666666666666665,13,4.5,348,12,3,0,4,4,2,0.03,LOW RISK
U0068,20.083333333333332,5.583333333333333,11,6.666666666666667,1188,12,2,0,1,2,1,0.02,LOW RISK
U0069,2.0,1.0,3,6.0,0,1,1,1,1,1,1,1.0,HIGH RISK
U0070,32.18181818181818,9.636363636363637,1,8.0,4389,11,0,1,0,3,1,0.39,LOW RISK
U0071,16.9,5.1,10,7.0,990,10,2,1,3,4,2,0.71,HIGH RISK
U0072,4.0,2.0,1,3.0,0,1,1,1,3,2,3,0.97,HIGH RISK
U0073,3.0,1.0,2,6.0,0,3,1,1,4,4,2,0.99,HIGH RISK
U0074,15.833333333333334,5.25,12,6.0,1188,12,2,0,2,2,1,0.01,LOW RISK
U0075,13.2,5.6,5,6.0,495,5,2,1,1,2,0,0.64,MEDIUM RISK
U0076,14.777777777777779,5.222222222222222,5,8.0,891,9,2,1,4,0,0,0.88,HIGH RISK
U0077,18.5,5.75,1,6.0,396,4,2,1,5,3,3,0.97,HIGH RISK
U0078,2.6666666666666665,1.25,7,7.0,0,12,1,0,1,2,0,0.37,LOW RISK
U0079,3.0,1.0,0,6.0,0,1,1,1,4,0,2,0.99,HIGH RISK
U0080,3.0,1.0,1,6.0,0,2,1,1,1,2,0,0.99,HIGH RISK
U0081,14.833333333333334,5.25,8,8.0,1188,12,2,0,2,2,1,0.19,LOW RISK
U0082,8.25,2.4166666666666665,9,5.6,348,12,3,0,5,3,2,0.02,LOW RISK
U0083,4.0,1.0,1,5.0,0,1,1,1,2,4,1,1.0,HIGH RISK
U0084,2.5,1.0,0,6.0,0,2,1,1,5,4,1,1.0,HIGH RISK
U0085,2.2,2.0,2,6.0,0,5,1,1,0,0,1,0.99,HIGH RISK
U0086,2.0,1.2857142857142858,5,5.0,0,7,1,1,4,2,3,0.91,HIGH RISK
U0087,18.5,6.166666666666667,7,9.666666666666666,1188,12,2,0,5,2,3,0.1,LOW RISK
U0088,6.2727272727272725,2.1818181818181817,10,4.0,319,11,3,1,2,0,2,0.69,MEDIUM RISK
U0089,18.4,4.8,4,6.0,495,5,2,1,1,0,1,0.81,HIGH RISK
U0090,8.25,2.0,4,6.0,116,4,3,1,5,4,4,0.94,HIGH RISK
U0091,2.0,1.0,1,6.0,0,1,1,1,4,0,3,1.0,HIGH RISK
U0092,19.166666666666668,5.916666666666667,12,6.5,1188,12,2,0,5,2,2,0.04,LOW RISK
U0093,20.916666666666668,5.916666666666667,10,4.0,1188,12,2,0,3,0,3,0.02,LOW RISK
U0094,8.0,2.25,9,5.333333333333333,348,12,3,0,1,0,1,0.15,LOW RISK
U0095,18.5,6.25,11,6.0,1188,12,2,0,4,0,1,0.02,LOW RISK
U0096,7.916666666666667,1.9166666666666667,8,6.0,348,12,3,0,4,1,4,0.1,LOW RISK
U0098,8.083333333333334,1.5833333333333333,8,6.0,348,12,3,0,2,1,2,0.08,LOW RISK
U0099,1.6666666666666667,1.0,1,6.0,0,3,1,1,0,2,4,1.0,HIGH RISK
U0100,2.125,1.25,5,3.0,0,8,1,1,4,0,3,0.81,HIGH RISK
U0101,3.0,1.6666666666666667,3,6.0,0,3,1,1,1,2,1,0.96,HIGH RISK
U0102,6.0,3.0,0,6.0,87,3,3,1,5,2,1,0.98,HIGH RISK
U0103,2.25,2.0,3,8.0,0,4,1,1,5,3,1,0.99,HIGH RISK
U0104,7.285714285714286,2.0,5,6.0,203,7,3,1,1,0,3,0.9,HIGH RISK
U0105,29.0,9.75,7,8.0,4788,12,0,0,4,2,2,0.02,LOW RISK
U0106,2.875,1.375,8,6.0,0,8,1,1,5,0,1,0.89,HIGH RISK
U0107,7.555555555555555,2.888888888888889,7,3.0,261,9,3,1,5,2,0,0.81,HIGH RISK
U0108,16.0,4.0,1,6.0,99,1,2,1,5,4,2,0.99,HIGH RISK
U0109,4.0,1.0,1,6.0,0,1,1,1,2,2,1,1.0,HIGH RISK
U0110,2.0,1.0,0,6.0,0,1,1,1,2,2,2,1.0,HIGH RISK
U0111,3.2,1.2,6,6.0,0,5,1,1,3,2,3,0.78,HIGH RISK
U0112,2.5714285714285716,1.2857142857142858,4,4.5,0,7,1,1,0,2,1,0.89,HIGH RISK
U0114,20.857142857142858,5.285714285714286,3,7.5,693,7,2,1,1,3,4,0.64,MEDIUM RISK
U0115,8.416666666666666,2.1666666666666665,9,4.0,348,12,3,0,1,1,2,0.17,LOW RISK
U0116,17.916666666666668,5.833333333333333,7,7.0,1188,12,2,0,3,4,2,0.06,LOW RISK
U0117,19.916666666666668,5.083333333333333,11,6.5,1188,12,2,0,2,2,2,0.03,LOW RISK
U0118,1.8888888888888888,1.6666666666666667,7,5.0,0,9,1,1,4,4,1,0.86,HIGH RISK
U0119,17.5,5.416666666666667,18,7.0,1188,12,2,0,4,2,1,0.02,LOW RISK
U0120,7.571428571428571,2.2857142857142856,3,7.0,203,7,3,1,3,0,2,0.98,HIGH RISK
U0121,18.75,6.166666666666667,8,7.5,1188,12,2,0,4,3,1,0.02,LOW RISK
U0122,20.833333333333332,5.166666666666667,17,7.5,1188,12,2,0,1,0,1,0.03,LOW RISK
U0123,2.5,2.5,1,4.0,0,4,1,1,0,3,4,0.98,HIGH RISK
U0124,2.3,1.3,7,6.0,0,10,1,1,5,2,0,0.82,HIGH RISK
U0125,2.8333333333333335,2.1666666666666665,5,6.0,0,6,1,1,2,4,3,0.83,HIGH RISK
U0126,8.333333333333334,1.6666666666666667,9,5.5,348,12,3,0,2,4,4,0.07,LOW RISK
U0127,16.333333333333332,6.166666666666667,5,8.0,1188,12,2,0,3,3,1,0.23,LOW RISK
U0128,19.833333333333332,5.916666666666667,8,7.5,1188,12,2,0,2,4,0,0.03,LOW RISK
U0129,2.6666666666666665,1.0,5,6.0,0,3,1,1,1,4,1,0.99,HIGH RISK
U0130,6.25,2.3333333333333335,16,5.5,348,12,3,0,4,0,0,0.03,LOW RISK
U0131,6.8,2.6,2,6.0,145,5,3,1,1,2,0,0.93,HIGH RISK
U0132,2.75,1.5,11,6.0,0,8,1,1,3,0,3,0.82,HIGH RISK
U0133,3.0,1.1666666666666667,3,6.0,0,6,1,1,1,4,0,0.99,HIGH RISK
U0134,2.4285714285714284,1.0,5,6.0,0,7,1,1,4,2,2,0.96,HIGH RISK
U0135,34.25,9.666666666666666,6,7.0,4788,12,0,0,0,4,1,0.09,LOW RISK
U0136,4.0,1.0,1,6.0,0,1,1,1,3,0,2,0.99,HIGH RISK
U0137,6.666666666666667,2.25,12,5.0,348,12,3,0,0,0,2,0.07,LOW RISK
U0139,2.3,2.0,3,4.0,0,10,1,1,0,0,3,0.97,HIGH RISK
U0140,32.083333333333336,10.0,7,6.0,4788,12,0,0,5,0,0,0.08,LOW RISK
U0141,37.5,9.875,3,5.0,3192,8,0,1,5,0,1,0.7,HIGH RISK
U0142,2.0,1.25,1,6.0,0,4,1,1,0,1,3,0.97,HIGH RISK
U0143,7.083333333333333,2.1666666666666665,5,6.0,348,12,3,0,3,4,4,0.8,HIGH RISK
U0144,3.0,1.0,4,5.0,0,3,1,1,4,2,0,0.92,HIGH RISK
U0147,8.5,2.3333333333333335,14,7.0,348,12,3,0,4,4,0,0.15,LOW RISK
U0148,8.0,1.5,3,6.0,58,2,3,1,5,4,3,0.95,HIGH RISK
U0149,2.3333333333333335,1.3333333333333333,10,5.0,0,6,1,1,5,0,1,0.22,LOW RISK
U0151,36.416666666666664,9.916666666666666,4,7.0,4788,12,0,0,2,0,3,0.02,LOW RISK
U0152,2.5,1.25,8,6.333333333333333,0,12,1,0,0,4,1,0.13,LOW RISK
U0153,2.0,1.3333333333333333,11,5.0,0,12,1,0,5,4,3,0.27,LOW RISK
U0154,7.0,1.5833333333333333,13,7.333333333333333,348,12,3,0,1,0,3,0.06,LOW RISK
U0155,39.416666666666664,9.916666666666666,2,6.0,4788,12,0,0,3,0,1,0.15,LOW RISK
U0157,9.11111111111111,2.2222222222222223,4,6.0,261,9,3,1,3,1,3,0.99,HIGH RISK
U0158,17.166666666666668,5.333333333333333,15,7.0,1188,12,2,0,0,0,2,0.02,LOW RISK
U0159,2.6666666666666665,2.0,2,6.0,0,3,1,1,0,4,1,1.0,HIGH RISK
U0160,19.083333333333332,5.5,7,6.0,1188,12,2,0,4,4,1,0.1,LOW RISK
U0161,3.1666666666666665,1.0,5,6.0,0,6,1,1,5,2,2,0.98,HIGH RISK
U0163,7.833333333333333,3.1666666666666665,5,7.0,174,6,3,1,3,0,1,0.9,HIGH RISK
U0165,2.5,1.5,4,6.0,0,4,1,1,1,4,1,0.92,HIGH RISK
U0166,19.5,5.5,11,8.0,1188,12,2,0,1,4,1,0.09,LOW RISK
U0167,2.3333333333333335,1.0,3,6.0,0,3,1,1,5,2,4,1.0,HIGH RISK
U0168,2.0,1.2727272727272727,10,6.0,0,11,1,1,5,0,3,0.88,HIGH RISK
U0169,2.5833333333333335,1.3333333333333333,9,5.5,0,12,1,0,2,1,1,0.1,LOW RISK
U0170,7.0,2.6666666666666665,11,5.0,348,12,3,0,4,4,2,0.08,LOW RISK
U0171,7.666666666666667,2.6666666666666665,4,4.333333333333333,174,6,3,1,1,0,1,0.81,HIGH RISK
U0172,2.5,1.5,8,5.0,0,8,1,1,0,1,2,0.75,HIGH RISK
U0173,6.4,1.4,4,6.0,145,5,3,1,3,4,3,0.98,HIGH RISK
U0175,6.5,2.0,4,6.0,58,2,3,1,3,4,1,0.94,HIGH RISK
U0176,2.3333333333333335,1.4166666666666667,7,5.5,0,12,1,0,3,3,2,0.14,LOW RISK
U0177,9.0,2.1666666666666665,1,6.0,174,6,3,1,2,4,4,0.98,HIGH RISK
U0178,2.0,2.0,2,6.0,0,1,1,1,1,0,0,0.97,HIGH RISK
U0179,28.416666666666668,9.75,4,7.0,4788,12,0,0,5,2,1,0.12,LOW RISK
U0181,2.5,1.25,6,5.5,0,8,1,1,5,0,2,0.85,HIGH RISK
U0182,1.6666666666666667,1.6666666666666667,2,10.0,0,3,1,1,0,2,2,0.96,HIGH RISK
U0183,40.5,9.916666666666666,3,9.0,4788,12,0,0,2,2,3,0.05,LOW RISK
U0184,16.0,5.916666666666667,10,5.0,1188,12,2,0,0,2,4,0.15,LOW RISK
U0185,2.111111111111111,1.2222222222222223,6,4.6,0,9,1,1,5,4,0,0.88,HIGH RISK
U0186,7.583333333333333,2.9166666666666665,12,5.0,348,12,3,0,5,3,2,0.02,LOW RISK
U0187,16.857142857142858,5.0,3,9.0,693,7,2,1,1,0,2,0.94,HIGH RISK
U0188,7.25,2.0,13,6.0,348,12,3,0,3,0,3,0.12,LOW RISK
U0189,7.333333333333333,2.5833333333333335,8,4.0,348,12,3,0,3,0,1,0.2,LOW RISK
U0190,3.5,1.0,3,6.0,0,2,1,1,0,3,2,0.99,HIGH RISK
U0191,2.8,1.1,12,3.5,0,10,1,1,2,4,2,0.82,HIGH RISK
U0192,15.714285714285714,5.857142857142857,5,7.0,693,7,2,1,4,0,3,0.77,HIGH RISK
U0193,31.333333333333332,9.916666666666666,4,5.0,4788,12,0,0,3,3,1,0.16,LOW RISK
U0194,7.5,2.75,3,6.0,232,8,3,1,1,3,1,0.97,HIGH RISK
U0195,2.0,1.0,2,6.0,0,2,1,1,0,3,4,1.0,HIGH RISK
U0196,2.6666666666666665,1.6666666666666667,4,4.0,0,6,1,1,0,3,1,0.99,HIGH RISK
U0198,15.333333333333334,5.111111111111111,7,9.0,891,9,2,1,1,4,1,0.77,HIGH RISK
U0199,17.666666666666668,5.333333333333333,10,7.0,1188,12,2,0,2,2,1,0.03,LOW RISK
U0200,18.5,6.0,3,6.0,198,2,2,1,1,3,1,0.97,HIGH RISK
U0201,6.0,1.0,1,5.0,29,1,3,1,2,4,1,1.0,HIGH RISK
U0202,2.727272727272727,1.4545454545454546,12,6.0,0,11,1,1,1,4,4,0.81,HIGH RISK
U0203,3.0,1.0,0,6.0,0,1,1,1,1,4,1,1.0,HIGH RISK
U0204,20.333333333333332,5.333333333333333,2,5.0,297,3,2,1,5,0,0,0.92,HIGH RISK
U0205,5.777777777777778,2.888888888888889,9,5.0,261,9,3,1,0,2,2,0.78,HIGH RISK
U0206,3.2,1.0,2,6.0,0,5,1,1,1,1,2,0.99,HIGH RISK
U0207,3.0833333333333335,1.5,10,6.0,0,12,1,0,4,3,2,0.59,MEDIUM RISK
U0208,7.833333333333333,2.0,11,5.0,348,12,3,0,1,0,2,0.04,LOW RISK
U0209,2.5833333333333335,1.0833333333333333,11,6.666666666666667,0,12,1,0,3,0,3,0.12,LOW RISK
U0210,2.5,1.9,10,6.0,0,10,1,1,0,0,1,0.8,HIGH RISK
U0212,7.833333333333333,2.25,7,5.2,348,12,3,0,0,3,4,0.14,LOW RISK
U0213,7.416666666666667,2.5,9,6.0,348,12,3,0,3,0,0,0.07,LOW RISK
U0214,2.0,1.0,1,6.0,0,1,1,1,1,2,4,0.99,HIGH RISK
U0215,16.0,5.0,0,6.0,99,1,2,1,1,3,2,0.98,HIGH RISK
U0216,2.0,1.0,2,6.0,0,1,1,1,5,4,3,0.99,HIGH RISK
U0217,2.1666666666666665,1.8333333333333333,7,5.0,0,12,1,0,4,2,2,0.13,LOW RISK
U0218,14.666666666666666,5.083333333333333,14,6.0,1188,12,2,0,3,2,2,0.1,LOW RISK
U0219,7.583333333333333,2.75,11,6.0,348,12,3,0,2,2,1,0.01,LOW RISK
U0220,17.5,6.5,2,8.0,198,2,2,1,5,0,2,0.83,HIGH RISK
U0221,7.0,4.0,1,6.0,29,1,3,1,3,2,1,0.98,HIGH RISK
U0222,8.0,3.0,0,6.0,58,2,3,1,3,4,1,0.99,HIGH RISK
U0223,2.6666666666666665,1.5,10,5.5,0,12,1,0,5,3,4,0.16,LOW RISK
U0224,2.25,1.0,3,6.0,0,4,1,1,1,4,1,1.0,HIGH RISK
U0225,2.8333333333333335,1.3333333333333333,12,4.0,0,6,1,1,3,4,1,0.63,MEDIUM RISK
U0226,2.8333333333333335,1.9166666666666667,5,7.0,0,12,1,0,1,0,1,0.9,HIGH RISK
U0227,31.416666666666668,10.0,4,6.5,4788,12,0,0,5,2,0,0.38,LOW RISK
U0228,2.4285714285714284,1.4285714285714286,6,5.0,0,7,1,1,1,0,2,0.81,HIGH RISK
U0229,15.571428571428571,5.428571428571429,4,9.0,693,7,2,1,0,0,2,0.77,HIGH RISK
U0230,6.7,1.7,4,6.0,290,10,3,1,2,4,4,0.98,HIGH RISK
U0231,18.25,5.25,8,8.0,1188,12,2,0,3,1,4,0.2,LOW RISK
U0232,7.25,2.0,3,6.0,116,4,3,1,4,0,1,0.97,HIGH RISK
U0233,9.0,2.0,0,6.0,29,1,3,1,2,2,3,0.99,HIGH RISK
U0234,7.5,2.6666666666666665,7,6.0,348,12,3,0,1,3,3,0.43,MEDIUM RISK
U0235,2.3333333333333335,1.0,3,6.0,0,3,1,1,3,0,3,1.0,HIGH RISK
U0236,19.166666666666668,5.75,10,6.5,1188,12,2,0,1,2,1,0.02,LOW RISK
U0238,2.909090909090909,1.4545454545454546,9,6.0,0,11,1,1,5,4,2,0.86,HIGH RISK
U0239,6.833333333333333,3.0,4,6.0,348,12,3,0,3,0,1,0.37,LOW RISK
U0240,3.0,1.4,3,5.0,0,5,1,1,0,2,2,0.98,HIGH RISK
U0241,35.5,9.833333333333334,5,6.5,4788,12,0,0,0,4,1,0.1,LOW RISK
U0242,31.666666666666668,9.916666666666666,2,8.0,4788,12,0,0,3,2,1,0.09,LOW RISK
U0243,33.25,9.75,2,6.0,4788,12,0,0,1,0,3,0.06,LOW RISK
U0244,2.0,1.0,2,6.0,0,2,1,1,4,4,1,1.0,HIGH RISK
U0245,2.8333333333333335,1.3333333333333333,6,6.0,0,6,1,1,0,0,2,0.95,HIGH RISK
U0246,34.916666666666664,9.833333333333334,7,9.0,4788,12,0,0,2,4,2,0.09,LOW RISK
U0247,7.666666666666667,1.6666666666666667,4,5.0,87,3,3,1,0,0,1,0.88,HIGH RISK
U0248,43.25,9.833333333333334,3,6.0,4788,12,0,0,4,1,0,0.25,LOW RISK
U0249,41.166666666666664,9.75,8,6.5,4788,12,0,0,1,2,1,0.03,LOW RISK
U0251,3.0,1.0,1,6.0,0,2,1,1,2,0,1,1.0,HIGH RISK
U0253,15.0,6.0,2,10.0,99,1,2,1,1,3,1,0.94,HIGH RISK
U0254,2.4545454545454546,1.2727272727272727,7,6.0,0,11,1,1,4,1,3,0.56,MEDIUM RISK
U0255,2.6666666666666665,1.0,4,1.0,0,3,1,1,3,2,0,0.99,HIGH RISK
U0256,6.666666666666667,2.0,12,3.5,348,12,3,0,5,2,1,0.12,LOW RISK
U0257,38.0,9.666666666666666,4,6.0,4788,12,0,0,5,4,3,0.06,LOW RISK
U0258,8.166666666666666,2.1666666666666665,11,7.0,348,12,3,0,5,3,3,0.18,LOW RISK
U0259,10.0,1.0,0,6.0,29,1,3,1,0,2,4,1.0,HIGH RISK
U0260,2.5,1.0,3,6.0,0,2,1,1,2,2,2,0.98,HIGH RISK
U0261,6.75,2.4166666666666665,9,8.0,348,12,3,0,1,2,1,0.05,LOW RISK
U0262,39.75,9.75,3,6.0,4788,12,0,0,3,4,1,0.07,LOW RISK
U0263,2.888888888888889,1.4444444444444444,10,6.0,0,9,1,1,4,0,3,0.93,HIGH RISK
U0264,6.75,2.0833333333333335,2,5.0,348,12,3,0,3,4,4,0.41,MEDIUM RISK
U0265,18.583333333333332,5.166666666666667,8,6.0,1188,12,2,0,4,2,1,0.05,LOW RISK
U0266,22.5,7.0,5,9.0,198,2,2,1,0,4,2,0.48,MEDIUM RISK
U0268,17.2,5.0,1,10.0,495,5,2,1,0,2,4,0.9,HIGH RISK
U0269,2.0,1.0,0,6.0,0,1,1,1,2,2,0,1.0,HIGH RISK
U0270,2.1666666666666665,1.3333333333333333,7,6.0,0,6,1,1,2,4,3,0.61,MEDIUM RISK
U0271,17.166666666666668,5.0,15,8.0,1188,12,2,0,4,0,2,0.05,LOW RISK
U0272,20.0,3.0,0,6.0,99,1,2,1,1,2,2,0.99,HIGH RISK
U0273,17.166666666666668,5.666666666666667,9,6.0,1188,12,2,0,1,2,3,0.05,LOW RISK
U0274,27.75,9.916666666666666,2,8.0,4788,12,0,0,4,2,1,0.15,LOW RISK
U0275,6.666666666666667,2.6666666666666665,1,6.0,87,3,3,1,2,4,2,1.0,HIGH RISK
U0276,7.636363636363637,2.5454545454545454,7,7.0,319,11,3,1,2,4,3,0.71,HIGH RISK
U0277,20.0,6.0,3,6.0,297,3,2,1,2,3,1,0.96,HIGH RISK
U0278,9.083333333333334,3.0,9,6.5,348,12,3,0,0,0,3,0.12,LOW RISK
U0279,15.583333333333334,5.583333333333333,16,7.0,1188,12,2,0,2,3,2,0.05,LOW RISK
U0280,17.583333333333332,5.5,9,5.0,1188,12,2,0,3,2,0,0.03,LOW RISK
U0281,18.083333333333332,5.333333333333333,8,5.0,1188,12,2,0,5,0,1,0.08,LOW RISK
U0282,2.5,1.0833333333333333,14,4.666666666666667,0,12,1,0,2,0,1,0.08,LOW RISK
U0283,2.0833333333333335,1.5,9,6.5,0,12,1,0,4,2,3,0.2,LOW RISK
U0284,2.3333333333333335,1.6666666666666667,4,6.0,0,3,1,1,5,4,1,0.98,HIGH RISK
U0285,8.916666666666666,2.0,12,6.0,348,12,3,0,0,4,3,0.28,LOW RISK
U0286,2.6666666666666665,1.0833333333333333,20,6.5,0,12,1,0,4,4,3,0.1,LOW RISK
U0287,8.833333333333334,2.3333333333333335,7,6.0,348,12,3,0,5,2,1,0.16,LOW RISK
U0288,8.666666666666666,2.5833333333333335,16,4.0,348,12,3,0,4,2,2,0.06,LOW RISK
U0289,2.3333333333333335,1.0,3,5.0,0,3,1,1,0,0,2,1.0,HIGH RISK
U0290,8.222222222222221,2.2222222222222223,5,6.0,261,9,3,1,3,2,2,0.94,HIGH RISK
U0291,2.909090909090909,1.3636363636363635,6,6.0,0,11,1,1,0,2,0,0.94,HIGH RISK
U0292,2.0,2.0,0,6.0,0,2,1,1,0,0,4,0.99,HIGH RISK
U0293,16.25,5.583333333333333,5,7.0,1188,12,2,0,4,0,3,0.2,LOW RISK
U0294,2.3333333333333335,1.5833333333333333,6,5.0,0,12,1,0,1,2,3,0.17,LOW RISK
U0295,2.0,1.3333333333333333,3,7.0,0,3,1,1,2,4,2,0.99,HIGH RISK
U0296,6.583333333333333,2.0,10,6.0,348,12,3,0,2,1,0,0.03,LOW RISK
U0297,17.25,5.75,20,7.0,1188,12,2,0,3,3,3,0.06,LOW RISK
U0298,3.0,2.0,1,7.0,0,2,1,1,3,4,3,0.99,HIGH RISK
U0299,6.583333333333333,2.5,9,7.0,348,12,3,0,2,2,4,0.09,LOW RISK
U0300,2.0,1.2,2,2.0,0,5,1,1,1,4,1,0.97,HIGH RISK
U0301,2.0,1.5,2,6.0,0,2,1,1,2,4,4,0.99,HIGH RISK
U0302,7.3,1.8,5,7.0,290,10,3,1,1,0,1,0.92,HIGH RISK
U0303,8.25,2.4166666666666665,11,6.666666666666667,348,12,3,0,3,2,1,0.01,LOW RISK
U0305,17.0,6.416666666666667,11,6.0,1188,12,2,0,4,2,0,0.08,LOW RISK
U0306,32.416666666666664,9.25,1,9.0,4788,12,0,0,3,2,4,0.08,LOW RISK
U0307,8.666666666666666,1.8333333333333333,9,6.0,348,12,3,0,3,2,3,0.13,LOW RISK
U0308,2.6666666666666665,1.0,4,6.0,0,3,1,1,0,0,3,0.96,HIGH RISK
U0310,2.2857142857142856,1.4285714285714286,4,5.0,0,7,1,1,0,2,0,0.97,HIGH RISK
U0311,6.833333333333333,2.25,13,4.0,348,12,3,0,4,0,2,0.06,LOW RISK
U0312,3.0,1.0,1,6.0,0,1,1,1,0,0,2,1.0,HIGH RISK
U0313,2.6666666666666665,1.3333333333333333,2,6.0,0,3,1,1,1,3,1,1.0,HIGH RISK
U0314,30.0,9.833333333333334,5,6.0,4788,12,0,0,2,0,3,0.19,LOW RISK
U0315,18.416666666666668,6.0,7,6.0,1188,12,2,0,5,2,3,0.1,LOW RISK
U0316,6.666666666666667,1.8333333333333333,4,5.0,174,6,3,1,3,0,2,0.9,HIGH RISK
U0317,8.5,2.0833333333333335,13,6.0,348,12,3,0,1,3,1,0.04,LOW RISK
U0318,2.0,1.0,0,6.0,0,2,1,1,5,0,4,0.99,HIGH RISK
U0319,3.1,1.2,5,6.0,0,10,1,1,1,2,1,0.99,HIGH RISK
U0320,2.0,1.5,9,6.0,0,8,1,1,1,3,3,0.82,HIGH RISK
U0321,7.166666666666667,2.75,11,5.0,348,12,3,0,3,3,0,0.03,LOW RISK
U0322,15.833333333333334,5.583333333333333,7,8.0,1188,12,2,0,2,0,2,0.1,LOW RISK
U0323,7.333333333333333,1.6666666666666667,21,7.333333333333333,348,12,3,0,0,3,1,0.08,LOW RISK
U0325,31.333333333333332,9.666666666666666,0,6.0,4788,12,0,0,2,2,4,0.32,LOW RISK
U0326,15.5,6.25,17,5.5,1188,12,2,0,4,0,2,0.05,LOW RISK
U0327,8.666666666666666,2.3333333333333335,4,6.0,87,3,3,1,3,0,0,0.9,HIGH RISK
U0328,7.625,2.75,7,6.0,232,8,3,1,3,4,1,0.41,MEDIUM RISK
U0329,8.083333333333334,2.5,13,5.5,348,12,3,0,3,2,2,0.03,LOW RISK
U0330,3.0,1.0,7,6.0,0,6,1,1,5,2,3,0.91,HIGH RISK
U0331,3.0833333333333335,1.5,5,6.0,0,12,1,0,4,4,4,0.21,LOW RISK
U0332,17.0,5.666666666666667,13,6.0,1188,12,2,0,2,4,1,0.06,LOW RISK
U0333,2.5,1.0,3,5.0,0,4,1,1,2,0,4,0.97,HIGH RISK
U0334,2.4444444444444446,1.4444444444444444,10,6.0,0,9,1,1,1,4,2,0.78,HIGH RISK
U0335,2.3333333333333335,1.5833333333333333,7,7.0,0,12,1,0,1,0,2,0.51,MEDIUM RISK
U0336,2.6,1.4,10,6.0,0,10,1,1,1,4,1,0.82,HIGH RISK
U0337,17.0,6.0,0,6.0,99,1,2,1,3,4,4,0.86,HIGH RISK
U0338,21.333333333333332,6.333333333333333,1,6.0,297,3,2,1,2,1,1,0.96,HIGH RISK
U0339,6.9,2.9,7,6.0,290,10,3,1,4,0,1,0.77,HIGH RISK
U0340,3.5,1.0,0,6.0,0,2,1,1,3,0,1,1.0,HIGH RISK
U0341,9.5,2.5,3,6.0,58,2,3,1,5,0,4,0.98,HIGH RISK
U0342,7.166666666666667,2.4166666666666665,7,5.0,348,12,3,0,1,0,3,0.22,LOW RISK
U0344,11.5,3.0,1,6.0,58,2,3,1,3,3,1,1.0,HIGH RISK
U0345,2.8,1.8,12,5.5,0,5,1,1,5,0,3,0.76,HIGH RISK
U0347,6.5,2.0,3,6.0,116,4,3,1,2,4,4,0.98,HIGH RISK
U0348,3.5,1.5,1,6.0,0,2,1,1,4,2,4,0.88,HIGH RISK
U0349,2.3333333333333335,1.3333333333333333,4,6.0,0,3,1,1,0,4,1,0.99,HIGH RISK
U0350,7.444444444444445,2.4444444444444446,7,6.0,261,9,3,1,1,0,3,0.78,HIGH RISK
U0351,8.0,2.0,4,6.0,87,3,3,1,3,2,1,0.94,HIGH RISK
U0352,20.416666666666668,5.833333333333333,7,7.0,1188,12,2,0,5,0,2,0.02,LOW RISK
U0353,8.0,2.5,6,4.666666666666667,116,4,3,1,5,0,1,0.66,MEDIUM RISK
U0354,2.6666666666666665,2.0,2,3.0,0,3,1,1,2,3,1,0.97,HIGH RISK
U0355,2.5833333333333335,1.6666666666666667,14,5.0,0,12,1,0,0,0,2,0.13,LOW RISK
U0356,12.0,2.0,2,6.0,29,1,3,1,2,2,3,0.99,HIGH RISK
U0357,2.75,2.0833333333333335,14,9.0,0,12,1,0,3,2,1,0.33,LOW RISK
U0358,9.75,2.25,2,8.0,116,4,3,1,2,2,3,0.99,HIGH RISK
U0359,31.333333333333332,9.666666666666666,4,7.0,4788,12,0,0,4,3,2,0.18,LOW RISK
U0360,6.583333333333333,2.8333333333333335,5,6.0,348,12,3,0,5,0,1,0.22,LOW RISK
U0361,2.0,1.0,2,6.0,0,1,1,1,5,4,3,0.99,HIGH RISK
U0362,9.333333333333334,1.5,7,6.0,174,6,3,1,1,1,1,0.86,HIGH RISK
U0363,8.333333333333334,2.5,7,6.0,174,6,3,1,1,2,2,0.4,MEDIUM RISK
U0364,7.333333333333333,2.6666666666666665,5,6.0,174,6,3,1,3,3,3,0.93,HIGH RISK
U0366,2.0,1.0,1,6.0,0,1,1,1,0,2,1,1.0,HIGH RISK
U0367,37.833333333333336,9.916666666666666,3,6.0,4788,12,0,0,2,0,2,0.06,LOW RISK
U0368,33.0,9.916666666666666,2,7.0,4788,12,0,0,3,4,0,0.15,LOW RISK
U0369,2.8,1.2,6,6.0,0,5,1,1,1,1,3,0.91,HIGH RISK
U0372,3.0,2.0,1,6.0,0,2,1,1,2,0,1,1.0,HIGH RISK
U0373,3.0,1.5,2,6.0,0,2,1,1,0,2,2,0.98,HIGH RISK
U0374,6.25,2.5833333333333335,10,5.666666666666667,348,12,3,0,3,2,3,0.06,LOW RISK
U0375,2.5,1.5833333333333333,10,4.5,0,12,1,0,2,1,1,0.14,LOW RISK
U0376,2.4545454545454546,1.2727272727272727,13,3.5,0,11,1,1,4,4,1,0.75,HIGH RISK
U0377,18.75,5.416666666666667,14,8.5,1188,12,2,0,5,2,1,0.02,LOW RISK
U0378,2.6666666666666665,1.6666666666666667,4,6.0,0,3,1,1,4,0,2,0.9,HIGH RISK
U0379,15.88888888888889,6.0,6,7.0,891,9,2,1,4,0,0,0.81,HIGH RISK
U0381,2.25,1.4166666666666667,9,5.5,0,12,1,0,4,0,2,0.58,MEDIUM RISK
U0382,7.0,3.3333333333333335,3,6.0,87,3,3,1,2,3,1,1.0,HIGH RISK
U0383,6.833333333333333,2.4166666666666665,15,4.0,348,12,3,0,2,2,0,0.05,LOW RISK
U0384,16.25,5.333333333333333,6,8.0,1188,12,2,0,2,2,1,0.43,MEDIUM RISK
U0385,18.0,5.583333333333333,7,7.666666666666667,1188,12,2,0,5,0,2,0.04,LOW RISK
U0386,14.333333333333334,6.666666666666667,5,5.0,594,6,2,1,4,3,3,0.73,HIGH RISK
U0388,3.0,1.0,0,6.0,0,1,1,1,2,0,2,1.0,HIGH RISK
U0389,16.833333333333332,5.416666666666667,17,8.0,1188,12,2,0,4,4,1,0.05,LOW RISK
U0390,17.666666666666668,5.333333333333333,1,9.0,297,3,2,1,4,2,2,0.96,HIGH RISK
U0391,36.416666666666664,9.833333333333334,2,6.0,4788,12,0,0,1,0,1,0.15,LOW RISK
U0392,6.666666666666667,2.2222222222222223,10,5.0,261,9,3,1,1,2,1,0.14,LOW RISK
U0393,2.6,1.0,4,8.0,0,5,1,1,0,2,2,0.92,HIGH RISK
U0394,15.75,6.5,3,9.0,396,4,2,1,3,0,1,0.91,HIGH RISK
U0395,2.6666666666666665,1.3333333333333333,2,6.0,0,3,1,1,1,3,1,1.0,HIGH RISK
U0396,37.333333333333336,10.0,2,8.5,4788,12,0,0,5,3,3,0.13,LOW RISK
U0397,16.083333333333332,4.916666666666667,14,6.0,1188,12,2,0,1,4,0,0.48,MEDIUM RISK
U0398,7.75,2.75,5,8.0,348,12,3,0,0,2,3,0.34,LOW RISK
U0399,15.416666666666666,5.5,8,6.0,1188,12,2,0,4,2,1,0.11,LOW RISK
U0400,16.6,5.8,1,9.0,495,5,2,1,0,4,1,0.7,HIGH RISK
U0401,1.75,1.25,1,6.0,0,4,1,1,4,2,0,0.99,HIGH RISK
U0402,37.083333333333336,9.75,2,6.5,4788,12,0,0,4,0,1,0.07,LOW RISK
U0403,7.5,2.5,14,6.0,348,12,3,0,3,2,1,0.02,LOW RISK
U0404,18.5,6.25,15,6.0,1188,12,2,0,1,3,2,0.06,LOW RISK
U0405,2.0,1.0,1,6.0,0,3,1,1,5,2,3,0.99,HIGH RISK
U0406,18.5,6.083333333333333,9,5.0,1188,12,2,0,5,0,3,0.02,LOW RISK
U0407,2.0,1.0,2,6.0,0,2,1,1,2,4,1,1.0,HIGH RISK
U0408,2.6666666666666665,1.1666666666666667,14,5.75,0,12,1,0,4,0,1,0.07,LOW RISK
U0409,34.833333333333336,9.833333333333334,5,6.0,4788,12,0,0,5,0,0,0.11,LOW RISK
U0411,2.3333333333333335,1.6666666666666667,1,6.0,0,3,1,1,4,2,3,0.92,HIGH RISK
U0412,29.25,9.833333333333334,4,6.5,4788,12,0,0,3,4,3,0.1,LOW RISK
U0413,32.333333333333336,9.833333333333334,2,7.0,4788,12,0,0,5,2,3,0.17,LOW RISK
U0414,7.8,2.2,6,4.0,145,5,3,1,5,0,1,0.8,HIGH RISK
U0415,8.833333333333334,2.6666666666666665,8,7.0,348,12,3,0,2,3,1,0.06,LOW RISK
U0416,8.75,2.6666666666666665,4,5.0,348,12,3,0,5,3,2,0.33,LOW RISK
U0418,2.0,1.0,1,7.0,0,1,1,1,4,0,0,0.97,HIGH RISK
U0419,6.555555555555555,2.888888888888889,7,5.333333333333333,261,9,3,1,4,2,1,0.82,HIGH RISK
U0420,17.5,5.416666666666667,12,7.0,1188,12,2,0,2,1,1,0.02,LOW RISK
U0421,19.333333333333332,5.583333333333333,9,9.5,1188,12,2,0,2,4,0,0.09,LOW RISK
U0422,13.0,4.0,2,6.0,198,2,2,1,5,0,3,0.99,HIGH RISK
U0423,2.5,1.0,2,6.0,0,2,1,1,0,0,4,0.99,HIGH RISK
U0424,9.0,2.6666666666666665,5,6.0,174,6,3,1,0,2,1,0.93,HIGH RISK
U0425,2.6,1.4,8,6.0,0,5,1,1,2,3,2,0.82,HIGH RISK
U0426,7.25,2.1666666666666665,8,6.666666666666667,348,12,3,0,5,2,3,0.24,LOW RISK
U0427,10.0,3.0,1,6.0,29,1,3,1,0,2,3,1.0,HIGH RISK
U0428,17.25,5.75,6,6.0,1188,12,2,0,5,0,2,0.22,LOW RISK
U0429,2.125,1.5,5,6.0,0,8,1,1,5,4,1,0.96,HIGH RISK
U0430,2.5,1.25,9,4.5,0,12,1,0,5,3,2,0.19,LOW RISK
U0431,2.7,1.7,7,5.0,0,10,1,1,1,2,1,0.93,HIGH RISK
U0432,16.833333333333332,5.833333333333333,10,7.0,1188,12,2,0,4,4,2,0.09,LOW RISK
U0433,8.333333333333334,2.8333333333333335,11,6.0,348,12,3,0,5,1,0,0.01,LOW RISK
U0434,2.4285714285714284,1.2857142857142858,3,5.0,0,7,1,1,1,0,2,0.95,HIGH RISK
U0435,2.0,1.8333333333333333,6,5.0,0,12,1,0,2,2,4,0.15,LOW RISK
U0436,20.083333333333332,5.416666666666667,6,6.5,1188,12,2,0,0,0,1,0.14,LOW RISK
U0437,1.8571428571428572,1.0,9,7.0,0,7,1,1,4,4,3,0.87,HIGH RISK
U0438,17.666666666666668,5.777777777777778,6,6.5,891,9,2,1,0,2,0,0.69,MEDIUM RISK
U0439,16.5,4.5,3,8.0,594,6,2,1,4,4,1,0.86,HIGH RISK
U0440,4.0,1.0,0,6.0,0,1,1,1,0,4,1,1.0,HIGH RISK
U0441,2.6666666666666665,1.7777777777777777,8,2.0,0,9,1,1,4,2,2,0.91,HIGH RISK
U0442,34.416666666666664,9.583333333333334,3,6.0,4788,12,0,0,0,3,1,0.15,LOW RISK
U0443,2.6,2.0,4,6.0,0,5,1,1,0,2,3,0.83,HIGH RISK
U0444,2.75,1.5,2,8.0,0,4,1,1,0,0,4,0.98,HIGH RISK
U0445,16.25,5.916666666666667,9,6.0,1188,12,2,0,0,4,2,0.08,LOW RISK
U0446,35.5,9.916666666666666,4,6.0,4788,12,0,0,2,4,1,0.05,LOW RISK
U0447,32.333333333333336,10.0,3,6.0,4788,12,0,0,5,2,2,0.18,LOW RISK
U0448,18.11111111111111,5.0,10,9.0,891,9,2,1,3,3,3,0.67,MEDIUM RISK
U0449,2.6,1.0,3,6.0,0,5,1,1,1,3,1,1.0,HIGH RISK
U0450,3.2,1.1,7,6.0,0,10,1,1,3,0,2,0.94,HIGH RISK
U0451,18.25,5.75,13,6.5,1188,12,2,0,3,1,3,0.02,LOW RISK
U0452,8.166666666666666,1.9166666666666667,10,6.0,348,12,3,0,4,0,3,0.1,LOW RISK
U0453,8.2,1.4,3,6.0,145,5,3,1,5,0,1,0.99,HIGH RISK
U0454,38.416666666666664,9.916666666666666,2,7.666666666666667,4788,12,0,0,4,0,3,0.02,LOW RISK
U0455,2.625,1.0,5,6.0,0,8,1,1,5,3,1,0.98,HIGH RISK
U0459,2.875,1.25,4,6.0,0,8,1,1,0,4,1,1.0,HIGH RISK
U0460,2.25,1.75,0,6.0,0,4,1,1,2,0,1,0.97,HIGH RISK
U0461,2.25,1.75,2,6.0,0,4,1,1,4,3,1,0.98,HIGH RISK
U0462,6.25,2.4166666666666665,17,4.5,348,12,3,0,2,3,1,0.08,LOW RISK
U0463,18.666666666666668,4.583333333333333,10,7.5,1188,12,2,0,4,2,1,0.08,LOW RISK
U0464,10.0,2.0,1,3.0,29,1,3,1,3,1,1,0.94,HIGH RISK
U0465,31.5,10.0,0,6.0,798,2,0,1,3,2,2,0.55,MEDIUM RISK
U0466,2.6666666666666665,1.0,1,6.0,0,3,1,1,2,1,3,0.99,HIGH RISK
U0467,2.0,1.5,1,6.0,0,2,1,1,2,4,3,0.99,HIGH RISK
U0468,17.083333333333332,6.166666666666667,13,6.6,1188,12,2,0,4,4,3,0.02,LOW RISK
U0469,3.5,1.5,1,6.0,0,2,1,1,0,0,1,0.98,HIGH RISK
U0470,37.5,9.75,4,8.0,4788,12,0,0,4,3,0,0.08,LOW RISK
U0471,2.4166666666666665,1.3333333333333333,10,7.0,0,12,1,0,0,2,4,0.15,LOW RISK
U0472,37.0,9.833333333333334,4,10.0,4788,12,0,0,3,0,4,0.04,LOW RISK
U0473,2.2857142857142856,1.1428571428571428,5,4.5,0,7,1,1,5,0,4,0.85,HIGH RISK
U0474,16.833333333333332,5.5,9,6.0,1188,12,2,0,2,2,0,0.11,LOW RISK
U0475,7.4,1.2,6,5.5,145,5,3,1,0,2,2,0.83,HIGH RISK
U0476,34.0,9.857142857142858,3,7.0,2793,7,0,1,4,4,1,0.68,MEDIUM RISK
U0477,2.3333333333333335,1.1666666666666667,10,5.666666666666667,0,12,1,0,3,3,3,0.35,LOW RISK
U0478,7.25,2.8333333333333335,9,4.5,348,12,3,0,0,0,3,0.08,LOW RISK
U0479,36.25,9.583333333333334,6,6.0,4788,12,0,0,4,4,3,0.03,LOW RISK
U0480,9.285714285714286,3.2857142857142856,4,7.0,203,7,3,1,2,0,2,0.94,HIGH RISK
U0481,6.2,1.8,3,6.0,145,5,3,1,2,3,1,0.99,HIGH RISK
U0482,6.916666666666667,2.0,10,3.6666666666666665,348,12,3,0,1,3,2,0.06,LOW RISK
U0483,10.5,3.0,2,6.0,58,2,3,1,5,2,0,0.95,HIGH RISK
U0484,6.5,2.25,6,4.0,348,12,3,0,1,4,2,0.6,MEDIUM RISK
U0485,7.3,2.8,9,4.0,290,10,3,1,3,2,2,0.66,MEDIUM RISK
U0486,27.25,10.0,2,10.0,4788,12,0,0,0,2,1,0.22,LOW RISK
U0487,2.3333333333333335,1.6666666666666667,6,5.333333333333333,0,12,1,0,3,3,2,0.12,LOW RISK
U0488,1.0,4.0,1,6.0,0,1,1,1,4,2,4,0.98,HIGH RISK
U0489,36.666666666666664,9.666666666666666,1,7.0,4788,12,0,0,2,2,3,0.02,LOW RISK
U0490,19.916666666666668,5.166666666666667,12,7.666666666666667,1188,12,2,0,1,2,3,0.03,LOW RISK
U0491,7.416666666666667,2.5833333333333335,5,6.0,348,12,3,0,1,3,2,0.85,HIGH RISK
U0492,6.333333333333333,2.25,10,5.5,348,12,3,0,1,2,3,0.2,LOW RISK
U0493,2.25,1.25,6,6.0,0,4,1,1,3,0,1,0.93,HIGH RISK
U0494,2.75,1.5833333333333333,12,6.0,0,12,1,0,2,4,3,0.23,LOW RISK
U0495,8.5,3.0,1,8.0,58,2,3,1,0,3,2,0.91,HIGH RISK
U0496,2.25,1.5,9,6.0,0,8,1,1,4,0,2,0.91,HIGH RISK
U0497,9.0,2.0,1,6.0,29,1,3,1,0,0,3,0.98,HIGH RISK
U0498,2.6666666666666665,1.3333333333333333,5,4.5,0,9,1,1,3,0,0,0.92,HIGH RISK
U0499,32.4,9.8,1,6.0,1995,5,0,1,4,2,1,0.32,LOW RISK
U0500,30.75,9.75,7,8.0,4788,12,0,0,1,2,4,0.03,LOW RISK
U0501,6.545454545454546,2.5454545454545454,6,6.333333333333333,319,11,3,1,5,4,1,0.81,HIGH RISK
U0502,4.8,2.0,5,7.5,145,5,3,1,3,4,2,0.8,HIGH RISK
U0505,7.0,1.0,1,6.0,29,1,3,1,0,3,2,1.0,HIGH RISK
U0506,2.0,1.5,0,6.0,0,2,1,1,3,2,1,1.0,HIGH RISK
U0507,34.75,9.75,4,7.0,4788,12,0,0,3,1,2,0.01,LOW RISK
U0508,16.444444444444443,4.888888888888889,11,6.0,891,9,2,1,1,4,0,0.76,HIGH RISK
U0509,33.375,9.625,1,6.5,3192,8,0,1,1,0,1,0.68,MEDIUM RISK
U0510,20.083333333333332,5.416666666666667,11,5.0,1188,12,2,0,4,4,3,0.02,LOW RISK
U0511,7.333333333333333,2.8333333333333335,7,5.5,348,12,3,0,5,2,2,0.08,LOW RISK
U0512,7.333333333333333,2.0,4,6.0,87,3,3,1,2,4,3,0.98,HIGH RISK
U0513,36.333333333333336,9.75,2,6.0,4788,12,0,0,5,0,1,0.08,LOW RISK
U0514,16.5,6.166666666666667,8,7.0,594,6,2,1,4,0,1,0.57,MEDIUM RISK
U0515,2.6666666666666665,2.0,2,7.0,0,3,1,1,1,3,1,1.0,HIGH RISK
U0516,4.0,1.0,2,6.0,0,2,1,1,0,0,1,1.0,HIGH RISK
U0517,2.1666666666666665,1.3333333333333333,9,4.5,0,12,1,0,1,3,1,0.17,LOW RISK
U0518,18.5,4.666666666666667,12,7.0,1188,12,2,0,2,0,3,0.14,LOW RISK
U0519,31.166666666666668,9.75,5,7.0,4788,12,0,0,1,4,4,0.09,LOW RISK
U0520,2.0,1.5,8,4.0,0,8,1,1,2,4,4,0.88,HIGH RISK
U0521,7.0,2.3333333333333335,8,3.5,174,6,3,1,2,2,3,0.81,HIGH RISK
U0522,2.0,1.0,2,7.0,0,4,1,1,2,2,1,1.0,HIGH RISK
U0523,32.2,10.0,3,6.0,1995,5,0,1,4,0,1,0.76,HIGH RISK
U0524,16.166666666666668,5.666666666666667,18,7.0,1188,12,2,0,2,0,1,0.0,LOW RISK
U0525,14.6,5.3,5,8.5,990,10,2,1,2,2,1,0.87,HIGH RISK
U0526,7.583333333333333,2.3333333333333335,9,5.0,348,12,3,0,0,4,2,0.07,LOW RISK
U0527,9.25,2.5,9,7.0,116,4,3,1,5,3,2,0.24,LOW RISK
U0529,2.5,1.125,3,7.666666666666667,0,8,1,1,5,4,2,0.95,HIGH RISK
U0530,18.833333333333332,4.75,8,7.0,1188,12,2,0,2,4,4,0.11,LOW RISK
U0531,19.0,5.75,11,7.0,792,8,2,1,0,4,3,0.77,HIGH RISK
U0532,32.25,9.75,4,6.333333333333333,4788,12,0,0,1,0,1,0.22,LOW RISK
U0533,31.666666666666668,9.833333333333334,4,8.0,4788,12,0,0,0,3,4,0.32,LOW RISK
U0534,7.8,2.2,1,6.0,145,5,3,1,2,4,0,0.98,HIGH RISK
U0535,20.75,5.0,9,6.0,1188,12,2,0,0,2,1,0.3,LOW RISK
U0536,40.583333333333336,9.75,2,7.0,4788,12,0,0,0,0,2,0.12,LOW RISK
U0537,18.166666666666668,4.833333333333333,7,8.0,1188,12,2,0,2,2,2,0.07,LOW RISK
U0538,2.4166666666666665,1.75,11,6.0,0,12,1,0,4,2,0,0.64,MEDIUM RISK
U0539,8.454545454545455,2.090909090909091,10,6.333333333333333,319,11,3,1,0,3,4,0.13,LOW RISK
U0540,2.0,1.0,3,6.0,0,1,1,1,3,2,1,1.0,HIGH RISK
U0541,38.833333333333336,10.0,1,6.666666666666667,4788,12,0,0,3,2,2,0.16,LOW RISK
U0542,7.666666666666667,2.5,14,5.0,348,12,3,0,0,1,2,0.03,LOW RISK
U0543,2.4444444444444446,1.2222222222222223,8,6.0,0,9,1,1,4,0,2,0.9,HIGH RISK
U0544,7.583333333333333,2.25,7,5.6,348,12,3,0,1,2,1,0.13,LOW RISK
U0545,7.166666666666667,1.75,13,4.5,348,12,3,0,2,0,4,0.15,LOW RISK
U0546,3.2,1.2,5,3.0,0,5,1,1,3,4,3,0.92,HIGH RISK
U0547,2.0,2.6666666666666665,1,6.0,0,3,1,1,1,3,4,0.99,HIGH RISK
U0548,7.5,2.4166666666666665,6,6.0,348,12,3,0,0,0,4,0.3,LOW RISK
U0549,7.444444444444445,2.4444444444444446,2,3.0,261,9,3,1,1,3,3,0.93,HIGH RISK
U0550,16.0,7.0,0,6.0,198,2,2,1,5,0,2,0.97,HIGH RISK
U0551,8.583333333333334,2.5,8,6.0,348,12,3,0,3,3,3,0.0,LOW RISK
U0552,16.416666666666668,4.833333333333333,5,7.0,1188,12,2,0,0,4,1,0.21,LOW RISK
U0553,7.5,2.1666666666666665,8,6.0,348,12,3,0,2,3,3,0.02,LOW RISK
U0554,9.333333333333334,3.6666666666666665,2,6.0,87,3,3,1,4,0,1,0.99,HIGH RISK
U0556,9.0,4.0,3,6.0,29,1,3,1,2,4,1,1.0,HIGH RISK
U0557,1.0,1.0,1,6.0,0,1,1,1,4,2,1,1.0,HIGH RISK
U0559,18.4,6.6,2,5.0,495,5,2,1,0,0,1,0.96,HIGH RISK
U0560,7.0,1.0,1,8.0,29,1,3,1,1,3,3,0.95,HIGH RISK
U0561,17.666666666666668,5.666666666666667,5,6.0,594,6,2,1,1,0,3,0.59,MEDIUM RISK
U0564,2.3333333333333335,1.0833333333333333,9,5.0,0,12,1,0,5,0,1,0.19,LOW RISK
U0565,2.6,1.8,2,6.0,0,5,1,1,4,0,1,1.0,HIGH RISK
U0566,9.0,2.0,4,6.0,145,5,3,1,4,0,1,0.94,HIGH RISK
U0567,2.5,1.25,2,6.0,0,4,1,1,2,2,4,0.96,HIGH RISK
U0568,8.0,1.5,0,6.0,58,2,3,1,1,2,1,0.96,HIGH RISK
U0569,36.083333333333336,10.0,4,6.0,4788,12,0,0,4,2,2,0.09,LOW RISK
U0570,2.0,1.6,5,6.0,0,5,1,1,5,0,1,0.94,HIGH RISK
U0571,10.285714285714286,2.5714285714285716,8,8.0,203,7,3,1,2,0,1,0.41,MEDIUM RISK
U0572,15.5,5.5,1,6.0,198,2,2,1,0,4,2,0.84,HIGH RISK
U0573,3.0,1.0,0,6.0,0,1,1,1,4,0,3,0.98,HIGH RISK
U0574,6.6,3.0,4,3.5,145,5,3,1,5,3,1,0.82,HIGH RISK
U0575,16.916666666666668,5.583333333333333,5,8.5,1188,12,2,0,3,3,1,0.28,LOW RISK
U0576,35.083333333333336,9.833333333333334,4,8.0,4788,12,0,0,5,4,2,0.21,LOW RISK
U0577,2.1666666666666665,1.5,7,5.5,0,12,1,0,5,2,1,0.25,LOW RISK
U0578,36.25,9.916666666666666,3,8.5,4788,12,0,0,2,3,1,0.17,LOW RISK
U0579,6.666666666666667,1.3333333333333333,2,6.0,87,3,3,1,0,0,0,0.94,HIGH RISK
U0580,2.75,1.5,3,5.0,0,4,1,1,3,0,3,0.98,HIGH RISK
U0581,7.75,2.25,7,6.0,116,4,3,1,1,0,2,0.76,HIGH RISK
U0582,31.166666666666668,9.916666666666666,1,8.0,4788,12,0,0,1,4,2,0.13,LOW RISK
U0583,9.166666666666666,2.75,8,5.0,348,12,3,0,5,0,2,0.37,LOW RISK
U0584,2.0833333333333335,1.5833333333333333,6,5.0,0,12,1,0,2,2,2,0.1,LOW RISK
U0585,7.75,2.75,12,6.0,348,12,3,0,2,1,3,0.03,LOW RISK
U0586,2.9,1.2,9,6.0,0,10,1,1,1,3,3,0.86,HIGH RISK
U0587,2.75,1.125,11,5.0,0,8,1,1,3,2,1,0.48,MEDIUM RISK
U0588,2.5,1.5,6,6.0,0,6,1,1,0,0,2,0.96,HIGH RISK
U0589,2.25,1.5833333333333333,8,5.5,0,12,1,0,3,3,2,0.25,LOW RISK
U0590,2.75,1.5,5,6.0,0,4,1,1,4,2,4,0.41,MEDIUM RISK
U0591,2.5,1.25,5,6.0,0,12,1,0,4,0,3,0.27,LOW RISK
U0592,6.833333333333333,2.5,3,6.0,174,6,3,1,0,0,2,0.97,HIGH RISK
U0593,2.5833333333333335,1.0833333333333333,11,5.5,0,12,1,0,1,3,1,0.14,LOW RISK
U0594,2.8,1.2,7,4.0,0,5,1,1,0,4,3,0.88,HIGH RISK
U0595,18.0,6.666666666666667,4,6.0,297,3,2,1,2,3,1,0.9,HIGH RISK
U0596,8.666666666666666,3.0,5,4.0,87,3,3,1,4,3,1,0.53,MEDIUM RISK
U0597,7.333333333333333,2.3333333333333335,1,6.0,174,6,3,1,5,2,1,0.99,HIGH RISK
U0598,2.0,1.25,3,4.0,0,4,1,1,5,2,3,1.0,HIGH RISK
U0599,2.7142857142857144,1.4285714285714286,4,4.5,0,7,1,1,1,2,1,0.96,HIGH RISK
U0601,2.25,1.0833333333333333,6,6.666666666666667,0,12,1,0,3,2,4,0.5,MEDIUM RISK
U0602,3.0,1.25,3,6.0,0,4,1,1,2,4,1,1.0,HIGH RISK
U0603,2.75,1.3333333333333333,9,6.0,0,12,1,0,5,4,2,0.29,LOW RISK
U0604,2.5833333333333335,1.5833333333333333,15,5.0,0,12,1,0,5,3,2,0.08,LOW RISK
U0605,2.5833333333333335,1.1666666666666667,4,5.0,0,12,1,0,4,2,1,0.34,LOW RISK
U0606,7.666666666666667,2.25,8,6.0,348,12,3,0,2,4,3,0.06,LOW RISK
U0607,2.2222222222222223,1.2222222222222223,5,4.75,0,9,1,1,2,4,1,0.96,HIGH RISK
U0608,4.0,1.0,0,6.0,0,1,1,1,5,2,2,0.99,HIGH RISK
U0609,8.7,2.7,5,6.0,290,10,3,1,3,4,2,0.93,HIGH RISK
U0610,7.0,1.9166666666666667,10,4.6,348,12,3,0,1,0,3,0.06,LOW RISK
U0611,2.0,1.2,6,6.0,0,5,1,1,1,2,3,0.86,HIGH RISK
U0612,20.625,6.0,11,7.5,792,8,2,1,2,0,1,0.05,LOW RISK
U0613,6.75,2.1666666666666665,13,4.5,348,12,3,0,1,2,1,0.12,LOW RISK
U0614,3.0,1.0,1,6.0,0,1,1,1,5,2,3,0.99,HIGH RISK
U0615,18.428571428571427,5.428571428571429,5,6.0,693,7,2,1,5,4,2,0.84,HIGH RISK
U0616,38.25,9.833333333333334,3,7.333333333333333,4788,12,0,0,2,1,4,0.0,LOW RISK
U0617,4.0,1.0,0,6.0,0,1,1,1,2,4,4,0.99,HIGH RISK
U0619,17.25,5.75,9,8.0,1188,12,2,0,2,2,2,0.04,LOW RISK
U0620,17.166666666666668,5.5,16,7.0,1188,12,2,0,3,4,1,0.03,LOW RISK
U0621,2.4166666666666665,1.4166666666666667,8,6.0,0,12,1,0,1,0,3,0.25,LOW RISK
U0622,3.0,3.0,3,6.0,0,1,1,1,2,0,2,1.0,HIGH RISK
U0623,2.1,1.5,11,5.0,0,10,1,1,0,2,1,0.76,HIGH RISK
U0625,8.333333333333334,1.75,7,6.0,348,12,3,0,0,0,4,0.41,MEDIUM RISK
U0626,2.5833333333333335,1.4166666666666667,9,4.0,0,12,1,0,5,0,2,0.55,MEDIUM RISK
U0627,8.75,2.625,13,5.333333333333333,232,8,3,1,1,0,1,0.59,MEDIUM RISK
U0628,13.75,6.25,4,5.5,396,4,2,1,2,1,2,0.91,HIGH RISK
U0629,3.1818181818181817,1.0909090909090908,13,5.5,0,11,1,1,0,2,4,0.79,HIGH RISK
U0630,2.5,1.4166666666666667,5,7.0,0,12,1,0,1,2,4,0.21,LOW RISK
U0631,19.166666666666668,5.75,10,7.0,1188,12,2,0,5,0,1,0.03,LOW RISK
U0632,18.8,5.6,7,7.0,990,10,2,1,3,4,1,0.08,LOW RISK
U0633,6.416666666666667,2.3333333333333335,9,5.0,348,12,3,0,4,0,4,0.2,LOW RISK
U0635,2.5,1.3333333333333333,4,6.0,0,12,1,0,1,2,2,0.33,LOW RISK
U0636,9.0,3.5,3,5.0,58,2,3,1,3,0,0,0.96,HIGH RISK
U0637,7.583333333333333,2.0,6,5.333333333333333,348,12,3,0,1,0,1,0.23,LOW RISK
U0638,2.857142857142857,1.4285714285714286,4,6.0,0,7,1,1,5,0,3,0.97,HIGH RISK
U0639,2.5,1.5,1,6.0,0,2,1,1,5,0,1,0.99,HIGH RISK
U0640,1.0,1.0,1,5.0,0,2,1,1,3,0,2,0.97,HIGH RISK
U0641,1.6666666666666667,1.0,3,6.0,0,3,1,1,4,2,4,0.99,HIGH RISK
U0642,2.5,1.0,3,5.0,0,2,1,1,2,3,2,0.97,HIGH RISK
U0644,3.0,2.0,3,6.0,0,3,1,1,2,2,2,0.99,HIGH RISK
U0645,2.5,1.4166666666666667,10,7.0,0,12,1,0,1,0,1,0.16,LOW RISK
U0646,17.916666666666668,5.25,6,8.5,1188,12,2,0,0,3,1,0.3,LOW RISK
U0647,9.833333333333334,2.1666666666666665,9,6.0,174,6,3,1,3,2,2,0.65,MEDIUM RISK
U0648,6.0,2.5,4,6.0,116,4,3,1,3,0,2,0.95,HIGH RISK
U0649,13.833333333333334,5.583333333333333,14,7.5,1188,12,2,0,4,4,1,0.07,LOW RISK
U0650,6.083333333333333,2.0833333333333335,5,6.0,348,12,3,0,0,0,2,0.88,HIGH RISK
U0651,1.875,1.375,9,4.75,0,8,1,1,5,2,2,0.85,HIGH RISK
U0652,8.0,4.0,1,6.0,29,1,3,1,0,2,3,0.99,HIGH RISK
U0653,8.083333333333334,2.4166666666666665,6,6.0,348,12,3,0,1,3,3,0.27,LOW RISK
U0654,18.375,5.625,2,5.5,792,8,2,1,5,2,3,0.99,HIGH RISK
U0655,7.75,2.1666666666666665,8,6.0,348,12,3,0,3,4,1,0.07,LOW RISK
U0657,2.0,1.3333333333333333,1,6.0,0,3,1,1,2,0,3,1.0,HIGH RISK
U0658,1.9,1.1,7,6.25,0,10,1,1,4,0,2,0.97,HIGH RISK
U0659,7.0,2.4444444444444446,6,5.666666666666667,261,9,3,1,2,2,1,0.87,HIGH RISK
U0662,35.25,10.0,3,6.0,4788,12,0,0,2,3,2,0.15,LOW RISK
U0663,7.916666666666667,2.4166666666666665,11,3.0,348,12,3,0,0,4,1,0.07,LOW RISK
U0664,2.5,1.1666666666666667,6,6.0,0,12,1,0,0,4,3,0.39,LOW RISK
U0665,3.0,2.0,1,6.0,0,1,1,1,2,2,2,0.99,HIGH RISK
U0666,2.0,1.6666666666666667,0,6.0,0,3,1,1,0,3,3,0.98,HIGH RISK
U0667,3.0,1.5,4,5.0,0,4,1,1,1,1,3,0.92,HIGH RISK
U0668,2.5,2.5,0,6.0,0,2,1,1,5,3,4,1.0,HIGH RISK
U0670,3.0,2.0,1,6.0,0,3,1,1,4,4,1,0.99,HIGH RISK
U0671,2.5833333333333335,1.9166666666666667,10,4.5,0,12,1,0,1,0,3,0.41,MEDIUM RISK
U0672,18.583333333333332,5.25,11,5.5,1188,12,2,0,4,0,3,0.03,LOW RISK
U0674,10.5,3.0,1,6.0,58,2,3,1,5,4,1,0.98,HIGH RISK
U0675,7.25,2.75,10,4.333333333333333,348,12,3,0,0,4,1,0.07,LOW RISK
U0676,35.5,9.666666666666666,3,6.6,4788,12,0,0,3,0,4,0.01,LOW RISK
U0677,2.5,1.3333333333333333,14,6.0,0,12,1,0,0,2,3,0.11,LOW RISK
U0678,3.0,1.0,0,6.0,0,1,1,1,4,2,4,0.99,HIGH RISK
U0679,35.5,9.916666666666666,1,5.5,4788,12,0,0,0,2,3,0.18,LOW RISK
U0680,17.5,5.916666666666667,13,9.0,1188,12,2,0,0,0,2,0.13,LOW RISK
U0681,16.2,7.2,7,6.0,495,5,2,1,5,2,3,0.4,MEDIUM RISK
U0682,1.5,1.0,0,3.0,0,2,1,1,0,4,4,0.99,HIGH RISK
U0683,1.8333333333333333,1.0,8,3.0,0,6,1,1,5,0,2,0.91,HIGH RISK
U0684,6.333333333333333,2.3333333333333335,0,6.0,87,3,3,1,2,0,3,0.98,HIGH RISK
U0685,39.0,10.0,2,6.0,1995,5,0,1,3,2,1,0.74,HIGH RISK
U0686,6.0,2.5,2,6.0,116,4,3,1,5,3,2,0.98,HIGH RISK
U0687,7.125,2.375,3,6.5,232,8,3,1,4,4,3,0.98,HIGH RISK
U0689,15.75,4.5,0,6.0,396,4,2,1,5,2,1,0.96,HIGH RISK
U0690,2.3333333333333335,1.3333333333333333,2,6.0,0,6,1,1,5,2,1,0.99,HIGH RISK
U0691,3.0,1.6,5,3.0,0,5,1,1,3,0,1,0.98,HIGH RISK
U0692,7.0,1.8,4,6.0,145,5,3,1,4,4,1,0.96,HIGH RISK
U0693,6.875,2.25,5,4.5,232,8,3,1,1,3,2,0.88,HIGH RISK
U0694,2.5555555555555554,1.4444444444444444,13,6.0,0,9,1,1,1,4,4,0.83,HIGH RISK
U0695,1.75,1.0,3,7.0,0,4,1,1,5,3,2,0.99,HIGH RISK
U0696,5.0,3.0,2,6.0,29,1,3,1,0,4,1,1.0,HIGH RISK
U0697,2.5,1.3333333333333333,9,6.0,0,12,1,0,4,0,1,0.23,LOW RISK
U0698,7.142857142857143,2.857142857142857,6,6.0,203,7,3,1,2,3,3,0.87,HIGH RISK
U0699,1.25,1.5,10,6.0,0,4,1,1,0,0,2,0.93,HIGH RISK
U0700,7.375,2.375,2,5.0,232,8,3,1,0,2,4,0.95,HIGH RISK
U0701,9.0,3.0,0,6.0,29,1,3,1,4,0,3,1.0,HIGH RISK
U0702,2.6,1.2,7,6.0,0,5,1,1,5,0,3,0.86,HIGH RISK
U0703,2.4444444444444446,1.5555555555555556,10,6.0,0,9,1,1,5,2,1,0.84,HIGH RISK
U0704,3.0,1.0,1,6.0,0,1,1,1,5,0,3,0.98,HIGH RISK
U0705,2.4166666666666665,1.3333333333333333,6,6.0,0,12,1,0,5,2,1,0.3,LOW RISK
U0706,36.0,10.0,5,9.5,4788,12,0,0,1,2,0,0.07,LOW RISK
U0707,2.5,1.4,7,6.0,0,10,1,1,5,0,3,0.9,HIGH RISK
U0708,15.833333333333334,5.666666666666667,10,7.0,1188,12,2,0,1,0,1,0.05,LOW RISK
U0709,3.2,1.4,6,6.0,0,5,1,1,1,2,1,0.86,HIGH RISK
U0710,6.0,2.25,3,6.0,116,4,3,1,5,2,1,0.98,HIGH RISK
U0711,15.083333333333334,5.833333333333333,10,7.333333333333333,1188,12,2,0,3,4,3,0.14,LOW RISK
U0712,8.666666666666666,2.4166666666666665,5,5.333333333333333,348,12,3,0,2,4,1,0.5,MEDIUM RISK
U0713,7.75,2.5,8,4.0,348,12,3,0,0,3,2,0.13,LOW RISK
U0714,7.5,2.0833333333333335,6,5.5,348,12,3,0,1,4,1,0.11,LOW RISK
U0716,29.916666666666668,9.916666666666666,4,6.666666666666667,4788,12,0,0,4,4,4,0.16,LOW RISK
U0717,18.583333333333332,5.583333333333333,7,4.333333333333333,1188,12,2,0,2,0,3,0.08,LOW RISK
U0718,33.583333333333336,9.833333333333334,5,8.0,4788,12,0,0,4,2,3,0.08,LOW RISK
U0719,2.875,1.125,5,5.0,0,8,1,1,3,4,1,0.91,HIGH RISK
U0720,18.0,5.714285714285714,7,6.0,693,7,2,1,4,2,1,0.7,HIGH RISK
U0721,41.0,9.777777777777779,5,7.0,3591,9,0,1,0,4,3,0.6,MEDIUM RISK
U0723,2.5,1.3333333333333333,12,6.0,0,12,1,0,1,3,2,0.15,LOW RISK
U0724,17.2,4.4,8,7.0,990,10,2,1,5,3,1,0.26,LOW RISK
U0725,7.166666666666667,1.9166666666666667,7,7.5,348,12,3,0,3,2,1,0.14,LOW RISK
U0726,17.916666666666668,4.666666666666667,9,7.0,1188,12,2,0,1,2,1,0.09,LOW RISK
U0727,2.1666666666666665,1.3333333333333333,4,6.0,0,6,1,1,3,2,4,0.92,HIGH RISK
U0728,20.571428571428573,4.857142857142857,3,7.5,693,7,2,1,5,2,1,0.88,HIGH RISK
U0729,2.4444444444444446,1.6666666666666667,2,5.5,0,9,1,1,4,4,2,0.95,HIGH RISK
U0731,2.6666666666666665,1.1666666666666667,12,7.0,0,12,1,0,5,4,3,0.39,LOW RISK
U0732,17.333333333333332,5.833333333333333,18,7.5,1188,12,2,0,1,2,1,0.0,LOW RISK
U0733,7.416666666666667,2.0833333333333335,13,5.333333333333333,348,12,3,0,5,0,4,0.1,LOW RISK
U0734,8.166666666666666,2.25,9,3.0,348,12,3,0,2,2,4,0.14,LOW RISK
U0735,3.0,1.0,1,6.0,0,1,1,1,0,0,1,1.0,HIGH RISK
U0736,18.0,5.5,8,8.0,1188,12,2,0,1,3,4,0.2,LOW RISK
U0737,3.0,2.0,5,7.0,0,4,1,1,3,2,0,0.91,HIGH RISK
U0738,16.0,5.142857142857143,9,8.0,693,7,2,1,2,0,4,0.71,HIGH RISK
U0739,5.916666666666667,2.25,16,5.0,348,12,3,0,1,0,4,0.06,LOW RISK
U0740,2.7142857142857144,1.1428571428571428,3,6.0,0,7,1,1,5,4,1,1.0,HIGH RISK
U0741,7.5,3.1666666666666665,6,5.0,348,12,3,0,5,4,2,0.13,LOW RISK
U0742,2.5833333333333335,1.4166666666666667,8,7.0,0,12,1,0,5,2,1,0.22,LOW RISK
U0743,15.9,5.1,6,9.5,990,10,2,1,5,0,1,0.8,HIGH RISK
U0744,6.25,2.25,10,7.0,348,12,3,0,3,2,0,0.08,LOW RISK
U0745,1.0,1.0,0,6.0,0,1,1,1,2,2,1,1.0,HIGH RISK
U0746,17.666666666666668,5.416666666666667,11,6.0,1188,12,2,0,4,4,3,0.05,LOW RISK
U0747,2.4,1.4,4,5.0,0,5,1,1,0,4,4,0.94,HIGH RISK
U0748,9.0,1.6666666666666667,11,6.0,348,12,3,0,3,2,4,0.21,LOW RISK
U0749,32.666666666666664,9.666666666666666,3,8.0,4788,12,0,0,3,0,0,0.08,LOW RISK
U0750,7.125,2.125,6,4.5,232,8,3,1,4,1,1,0.82,HIGH RISK
U0751,2.5,1.8333333333333333,10,6.0,0,6,1,1,4,2,1,0.78,HIGH RISK
U0752,37.416666666666664,9.416666666666666,3,7.0,4788,12,0,0,0,4,2,0.25,LOW RISK
U0753,5.0,1.4,0,6.0,145,5,3,1,0,0,1,0.98,HIGH RISK
U0754,2.7142857142857144,1.1428571428571428,7,5.5,0,7,1,1,4,2,1,0.89,HIGH RISK
U0755,2.5,1.5,7,6.0,0,6,1,1,5,0,2,0.98,HIGH RISK
U0756,19.25,6.083333333333333,10,8.0,1188,12,2,0,3,2,3,0.0,LOW RISK
U0757,9.0,2.4545454545454546,6,5.666666666666667,319,11,3,1,1,1,2,0.82,HIGH RISK
U0758,6.818181818181818,2.272727272727273,8,4.5,319,11,3,1,0,2,1,0.8,HIGH RISK
U0759,18.0,4.625,4,6.0,792,8,2,1,0,0,3,0.92,HIGH RISK
U0760,19.0,5.333333333333333,1,6.0,297,3,2,1,4,0,1,0.93,HIGH RISK
U0761,2.3333333333333335,2.0,2,6.0,0,3,1,1,2,2,1,0.99,HIGH RISK
U0763,2.0,1.4,2,6.0,0,5,1,1,1,0,3,0.98,HIGH RISK
U0764,19.5,5.125,9,5.0,792,8,2,1,0,4,3,0.66,MEDIUM RISK
U0765,2.2,1.4,3,7.0,0,5,1,1,5,2,1,0.99,HIGH RISK
U0766,6.333333333333333,2.5833333333333335,12,6.0,348,12,3,0,2,0,4,0.15,LOW RISK
U0767,16.25,6.416666666666667,12,7.333333333333333,1188,12,2,0,1,3,3,0.05,LOW RISK
U0768,16.75,6.75,2,6.0,396,4,2,1,0,0,2,0.94,HIGH RISK
U0769,3.0,1.4285714285714286,2,5.0,0,7,1,1,1,1,3,1.0,HIGH RISK
U0770,16.25,5.166666666666667,8,8.0,1188,12,2,0,2,2,4,0.38,LOW RISK
U0771,3.0833333333333335,1.5833333333333333,17,6.0,0,12,1,0,2,3,2,0.12,LOW RISK
U0772,16.416666666666668,4.833333333333333,7,9.0,1188,12,2,0,3,4,2,0.22,LOW RISK
U0773,2.5555555555555554,1.1111111111111112,8,5.0,0,9,1,1,4,3,0,0.82,HIGH RISK
U0774,2.6666666666666665,2.6666666666666665,3,6.0,0,3,1,1,4,1,3,0.96,HIGH RISK
U0775,16.0,5.166666666666667,13,8.0,1188,12,2,0,0,0,2,0.07,LOW RISK
U0777,2.25,1.5,20,6.0,0,12,1,0,3,2,2,0.09,LOW RISK
U0778,17.25,5.25,8,8.0,1188,12,2,0,3,2,1,0.01,LOW RISK
U0779,17.166666666666668,5.5,8,6.0,1188,12,2,0,1,2,2,0.02,LOW RISK
U0780,8.583333333333334,3.0833333333333335,9,4.0,348,12,3,0,1,2,0,0.29,LOW RISK
U0781,6.5,1.9166666666666667,5,6.0,348,12,3,0,3,0,0,0.29,LOW RISK
U0782,7.666666666666667,2.1666666666666665,5,5.333333333333333,348,12,3,0,1,2,1,0.21,LOW RISK
U0784,2.5,1.1666666666666667,3,4.5,0,6,1,1,5,4,1,0.97,HIGH RISK
U0785,2.1818181818181817,1.6363636363636365,7,6.0,0,11,1,1,2,3,0,0.86,HIGH RISK
U0786,38.666666666666664,9.666666666666666,6,7.0,4788,12,0,0,3,2,0,0.02,LOW RISK
U0787,8.083333333333334,2.5833333333333335,12,5.666666666666667,348,12,3,0,3,2,3,0.01,LOW RISK
U0788,7.166666666666667,2.8333333333333335,11,5.0,348,12,3,0,2,0,4,0.02,LOW RISK
U0789,7.5,2.3,12,6.0,290,10,3,1,1,0,3,0.18,LOW RISK
U0790,33.083333333333336,9.916666666666666,3,6.0,4788,12,0,0,1,0,2,0.03,LOW RISK
U0792,7.416666666666667,2.3333333333333335,4,4.0,348,12,3,0,3,0,2,0.27,LOW RISK
U0793,6.333333333333333,2.3333333333333335,1,5.0,87,3,3,1,0,1,3,0.99,HIGH RISK
U0794,10.0,1.0,0,6.0,29,1,3,1,4,2,3,0.99,HIGH RISK
U0795,1.8571428571428572,1.5714285714285714,4,4.0,0,7,1,1,1,2,2,0.91,HIGH RISK
U0796,19.083333333333332,5.333333333333333,11,6.75,1188,12,2,0,2,2,0,0.01,LOW RISK
U0798,6.0,3.0,3,6.0,58,2,3,1,2,2,2,1.0,HIGH RISK
U0799,6.25,2.4166666666666665,7,5.0,348,12,3,0,4,4,3,0.24,LOW RISK
U0801,18.0,4.8,3,6.0,495,5,2,1,1,2,3,0.93,HIGH RISK
U0802,2.125,1.5,5,7.0,0,8,1,1,2,1,1,0.91,HIGH RISK
U0803,6.75,3.0,3,4.0,116,4,3,1,3,3,1,0.9,HIGH RISK
U0804,7.090909090909091,2.4545454545454546,13,4.0,319,11,3,1,0,4,3,0.69,MEDIUM RISK
U0805,8.416666666666666,1.5833333333333333,10,6.0,348,12,3,0,2,2,2,0.06,LOW RISK
U0806,19.083333333333332,5.0,8,6.5,1188,12,2,0,4,4,1,0.05,LOW RISK
U0807,33.25,10.0,3,8.0,4788,12,0,0,0,0,3,0.11,LOW RISK
U0808,35.75,10.0,1,6.0,1596,4,0,1,0,2,2,0.81,HIGH RISK
U0809,8.666666666666666,2.0,4,8.0,87,3,3,1,5,0,3,0.98,HIGH RISK
U0810,2.4166666666666665,1.25,8,5.5,0,12,1,0,1,2,4,0.1,LOW RISK
U0811,33.5,9.833333333333334,3,6.5,4788,12,0,0,2,2,1,0.14,LOW RISK
U0812,16.583333333333332,5.833333333333333,5,8.0,1188,12,2,0,0,0,1,0.13,LOW RISK
U0813,1.6666666666666667,1.0,2,6.0,0,3,1,1,5,1,3,0.99,HIGH RISK
U0814,36.0,9.75,6,5.0,4788,12,0,0,4,3,3,0.04,LOW RISK
U0815,17.583333333333332,5.5,16,8.0,1188,12,2,0,3,4,3,0.09,LOW RISK
U0816,8.0,1.7142857142857142,2,8.0,203,7,3,1,2,2,4,0.87,HIGH RISK
U0817,7.0,2.0,5,6.0,174,6,3,1,0,3,4,0.95,HIGH RISK
U0818,3.2,1.8,7,5.0,0,5,1,1,1,0,0,0.96,HIGH RISK
U0819,3.5,1.0,1,4.0,0,6,1,1,5,4,2,0.97,HIGH RISK
U0820,2.2,1.0,3,6.0,0,5,1,1,0,0,2,1.0,HIGH RISK
U0821,13.916666666666666,6.0,8,6.333333333333333,1188,12,2,0,1,4,2,0.07,LOW RISK
U0822,2.4,1.0,5,6.0,0,5,1,1,0,0,1,0.95,HIGH RISK
U0823,2.5714285714285716,1.0,7,4.0,0,7,1,1,2,3,2,0.75,HIGH RISK
U0825,7.666666666666667,3.3333333333333335,2,6.0,87,3,3,1,2,0,0,1.0,HIGH RISK
U0827,2.4166666666666665,1.5,9,7.0,0,12,1,0,4,1,2,0.19,LOW RISK
U0828,1.9090909090909092,1.4545454545454546,12,4.0,0,11,1,1,5,2,2,0.87,HIGH RISK
U0829,14.25,6.166666666666667,5,6.0,1188,12,2,0,2,3,1,0.79,HIGH RISK
U0830,6.666666666666667,2.8333333333333335,12,5.5,348,12,3,0,1,2,1,0.1,LOW RISK
U0831,2.2857142857142856,1.1428571428571428,2,5.0,0,7,1,1,0,2,2,0.97,HIGH RISK
U0832,1.0,1.0,0,6.0,29,1,3,1,3,0,1,0.98,HIGH RISK
U0833,2.0,1.25,2,7.0,0,4,1,1,1,0,3,0.98,HIGH RISK
U0834,3.0,2.5,2,6.0,0,2,1,1,4,4,4,0.96,HIGH RISK
U0835,7.833333333333333,1.6666666666666667,11,7.0,174,6,3,1,4,2,4,0.7,HIGH RISK
U0836,6.0,1.0,0,6.0,29,1,3,1,1,2,3,1.0,HIGH RISK
U0837,40.416666666666664,10.0,2,8.0,4788,12,0,0,4,2,1,0.14,LOW RISK
U0839,7.75,3.1666666666666665,13,6.0,348,12,3,0,5,3,4,0.07,LOW RISK
U0840,8.666666666666666,1.3333333333333333,3,6.5,87,3,3,1,0,1,1,0.95,HIGH RISK
U0841,1.5,2.5,0,6.0,0,2,1,1,5,2,3,0.98,HIGH RISK
U0842,6.8,2.8,4,5.333333333333333,145,5,3,1,0,3,1,0.88,HIGH RISK
U0843,2.6,1.2,4,6.0,0,5,1,1,0,4,4,0.93,HIGH RISK
U0844,32.111111111111114,9.88888888888889,4,6.0,3591,9,0,1,5,2,0,0.71,HIGH RISK
U0845,3.0,1.4285714285714286,3,6.0,0,7,1,1,1,1,1,1.0,HIGH RISK
U0848,37.25,10.0,1,7.75,3192,8,0,1,0,3,0,0.74,HIGH RISK
U0849,7.25,2.5833333333333335,10,5.0,348,12,3,0,3,2,2,0.08,LOW RISK
U0850,7.1,2.1,7,5.0,290,10,3,1,1,3,4,0.7,HIGH RISK
U0851,2.5,1.1666666666666667,3,6.0,0,6,1,1,2,3,1,0.98,HIGH RISK
U0852,17.25,5.333333333333333,8,8.0,1188,12,2,0,0,0,1,0.01,LOW RISK
U0853,2.6666666666666665,1.3333333333333333,1,6.0,0,3,1,1,3,3,1,0.99,HIGH RISK
U0854,13.5,6.333333333333333,6,7.0,594,6,2,1,2,2,0,0.67,MEDIUM RISK
U0855,2.75,1.5,3,6.0,0,4,1,1,2,2,4,0.95,HIGH RISK
U0857,3.0,2.5,1,6.0,0,2,1,1,5,3,0,0.97,HIGH RISK
U0858,8.0,3.0,0,6.0,29,1,3,1,0,0,1,1.0,HIGH RISK
U0859,7.25,2.0,8,5.5,348,12,3,0,3,2,2,0.1,LOW RISK
U0861,17.8,4.5,9,8.0,990,10,2,1,0,4,1,0.64,MEDIUM RISK
U0862,7.0,3.0,0,6.0,29,1,3,1,5,4,1,0.99,HIGH RISK
U0863,7.5,2.375,7,6.0,232,8,3,1,0,0,2,0.49,MEDIUM RISK
U0864,5.666666666666667,2.6666666666666665,2,9.0,87,3,3,1,1,0,1,0.98,HIGH RISK
U0866,7.083333333333333,2.75,9,6.0,348,12,3,0,3,3,1,0.05,LOW RISK
U0867,2.0,1.5,1,6.0,0,2,1,1,2,0,1,1.0,HIGH RISK
U0868,2.0,2.0,1,6.0,0,2,1,1,0,0,0,0.99,HIGH RISK
U0869,17.22222222222222,5.555555555555555,6,5.5,891,9,2,1,5,1,3,0.75,HIGH RISK
U0870,34.166666666666664,9.833333333333334,6,7.0,4788,12,0,0,1,0,0,0.07,LOW RISK
U0871,2.5,2.0,2,7.0,0,2,1,1,5,1,2,0.94,HIGH RISK
U0872,2.1666666666666665,1.1666666666666667,3,6.0,0,6,1,1,4,4,1,0.97,HIGH RISK
U0873,7.75,3.25,8,4.5,348,12,3,0,1,3,3,0.1,LOW RISK
U0874,7.181818181818182,1.8181818181818181,8,4.0,319,11,3,1,3,0,1,0.75,HIGH RISK
U0875,2.8333333333333335,2.3333333333333335,3,6.0,0,6,1,1,2,0,1,1.0,HIGH RISK
U0877,15.083333333333334,4.916666666666667,8,6.0,1188,12,2,0,0,3,1,0.13,LOW RISK
U0878,6.75,2.1666666666666665,13,4.0,348,12,3,0,5,4,1,0.08,LOW RISK
U0879,3.0,1.25,5,5.0,0,4,1,1,4,0,2,0.77,HIGH RISK
U0880,2.4,1.6,5,6.0,0,5,1,1,1,4,3,0.87,HIGH RISK
U0881,2.375,1.375,10,7.5,0,8,1,1,1,4,1,0.73,HIGH RISK
U0882,8.0,2.0833333333333335,10,5.0,348,12,3,0,5,4,1,0.08,LOW RISK
U0883,2.4166666666666665,1.0833333333333333,13,6.0,0,12,1,0,4,4,4,0.16,LOW RISK
U0884,2.5,1.5,1,4.0,0,4,1,1,5,3,1,0.95,HIGH RISK
U0885,17.0,5.333333333333333,9,7.0,1188,12,2,0,0,4,1,0.11,LOW RISK
U0886,2.3333333333333335,1.0,3,6.0,0,3,1,1,3,0,4,0.99,HIGH RISK
U0887,7.857142857142857,3.4285714285714284,7,7.0,203,7,3,1,1,2,1,0.76,HIGH RISK
U0888,3.0,1.3333333333333333,0,7.5,0,6,1,1,0,0,1,0.98,HIGH RISK
U0889,2.4285714285714284,1.0,6,6.0,0,7,1,1,3,2,2,0.95,HIGH RISK
U0890,2.6666666666666665,1.6666666666666667,17,6.0,0,12,1,0,0,2,1,0.12,LOW RISK
U0891,18.666666666666668,5.333333333333333,7,8.333333333333334,1188,12,2,0,4,0,2,0.1,LOW RISK
U0892,15.0,5.666666666666667,4,6.0,891,9,2,1,1,2,4,0.87,HIGH RISK
U0893,17.0,5.083333333333333,8,8.0,1188,12,2,0,5,0,1,0.04,LOW RISK
U0894,2.4444444444444446,1.6666666666666667,10,6.0,0,9,1,1,5,3,2,0.88,HIGH RISK
U0895,6.833333333333333,2.0,6,4.666666666666667,348,12,3,0,3,3,2,0.28,LOW RISK
U0897,2.3333333333333335,1.3333333333333333,11,5.5,0,12,1,0,4,1,3,0.11,LOW RISK
U0898,16.916666666666668,5.25,8,7.0,1188,12,2,0,3,2,1,0.07,LOW RISK
U0899,2.0,1.8,2,5.0,0,5,1,1,2,0,2,0.97,HIGH RISK
U0901,2.4,1.0,2,5.5,0,5,1,1,4,2,2,1.0,HIGH RISK
U0902,1.0,4.0,3,6.0,0,1,1,1,0,4,1,0.99,HIGH RISK
U0903,2.1666666666666665,1.0833333333333333,9,6.0,0,12,1,0,1,4,4,0.57,MEDIUM RISK
U0904,7.818181818181818,2.090909090909091,8,5.0,319,11,3,1,4,0,1,0.7,HIGH RISK
U0905,7.5,1.9166666666666667,10,4.75,348,12,3,0,2,0,2,0.03,LOW RISK
U0906,17.833333333333332,4.833333333333333,20,6.333333333333333,1188,12,2,0,1,2,2,0.04,LOW RISK
U0909,2.25,2.0,4,6.0,0,4,1,1,3,0,3,0.95,HIGH RISK
U0910,2.6666666666666665,1.0,2,6.0,0,6,1,1,5,3,3,0.98,HIGH RISK
U0911,6.333333333333333,2.6666666666666665,1,6.0,87,3,3,1,5,3,4,0.97,HIGH RISK
U0912,2.4444444444444446,1.5555555555555556,7,7.0,0,9,1,1,3,2,1,0.82,HIGH RISK
U0913,8.166666666666666,2.1666666666666665,5,4.0,348,12,3,0,4,3,2,0.25,LOW RISK
U0914,7.285714285714286,1.8571428571428572,6,5.0,203,7,3,1,5,2,4,0.44,MEDIUM RISK
U0915,8.25,2.6666666666666665,14,5.75,348,12,3,0,2,2,0,0.03,LOW RISK
U0916,5.0,3.3333333333333335,3,6.0,87,3,3,1,1,0,4,0.96,HIGH RISK
U0918,36.5,9.916666666666666,5,7.5,4788,12,0,0,2,1,1,0.02,LOW RISK
U0919,17.5,5.0,8,8.0,1188,12,2,0,0,4,2,0.13,LOW RISK
U0920,3.0,2.0,0,6.0,0,1,1,1,2,2,3,1.0,HIGH RISK
U0921,17.416666666666668,5.333333333333333,11,7.0,1188,12,2,0,1,4,2,0.06,LOW RISK
U0922,7.25,2.0,1,6.0,116,4,3,1,2,0,2,0.98,HIGH RISK
U0923,15.625,5.375,7,6.0,792,8,2,1,3,3,4,0.69,MEDIUM RISK
U0924,15.666666666666666,6.0,7,7.0,1188,12,2,0,1,2,2,0.11,LOW RISK
U0925,7.2727272727272725,2.727272727272727,10,5.0,319,11,3,1,4,2,4,0.17,LOW RISK
U0926,2.5,1.25,9,7.0,0,12,1,0,0,2,2,0.09,LOW RISK
U0928,7.375,2.125,4,6.0,232,8,3,1,4,0,2,0.93,HIGH RISK
U0930,3.5,1.0,3,4.0,0,2,1,1,1,0,1,0.98,HIGH RISK
U0931,2.8,1.2,3,7.0,0,5,1,1,0,4,1,0.96,HIGH RISK
U0932,19.333333333333332,6.0,13,6.0,1188,12,2,0,3,3,0,0.1,LOW RISK
U0933,31.916666666666668,9.833333333333334,3,5.0,4788,12,0,0,4,3,1,0.37,LOW RISK
U0934,7.083333333333333,2.0833333333333335,11,3.5,348,12,3,0,4,2,2,0.11,LOW RISK
U0935,2.0,1.8333333333333333,3,7.0,0,6,1,1,0,2,2,0.99,HIGH RISK
U0936,2.090909090909091,1.1818181818181819,9,5.0,0,11,1,1,2,0,2,0.74,HIGH RISK
U0937,2.6666666666666665,1.3333333333333333,9,6.0,0,9,1,1,0,4,3,0.79,HIGH RISK
U0938,33.833333333333336,9.416666666666666,1,7.333333333333333,4788,12,0,0,4,0,1,0.11,LOW RISK
U0940,7.666666666666667,2.5,9,4.0,348,12,3,0,3,0,2,0.09,LOW RISK
U0941,2.090909090909091,1.0,10,5.0,0,11,1,1,0,0,3,0.66,MEDIUM RISK
U0942,8.083333333333334,2.9166666666666665,7,5.5,348,12,3,0,4,4,1,0.15,LOW RISK
U0943,8.625,2.75,5,7.0,232,8,3,1,2,0,2,0.96,HIGH RISK
U0944,18.75,5.583333333333333,14,6.5,1188,12,2,0,4,4,1,0.01,LOW RISK
U0945,2.6666666666666665,1.1666666666666667,8,7.0,0,6,1,1,2,2,1,0.82,HIGH RISK
U0946,2.5,1.5,2,6.0,0,2,1,1,0,0,1,0.99,HIGH RISK
U0947,3.0,1.0,1,6.0,0,1,1,1,2,2,1,1.0,HIGH RISK
U0948,39.5,9.833333333333334,5,7.0,4788,12,0,0,1,0,4,0.04,LOW RISK
U0949,25.5,7.0,3,6.0,198,2,2,1,1,0,1,0.98,HIGH RISK
U0950,8.416666666666666,3.0,12,6.0,348,12,3,0,1,4,0,0.11,LOW RISK
U0952,6.142857142857143,2.2857142857142856,8,9.0,203,7,3,1,0,3,2,0.42,MEDIUM RISK
U0953,2.6666666666666665,2.0,4,6.0,0,3,1,1,4,0,1,0.95,HIGH RISK
U0954,22.0,10.0,0,6.0,1197,3,0,1,4,0,2,0.88,HIGH RISK
U0956,3.3333333333333335,1.0,5,6.0,0,3,1,1,2,2,2,0.99,HIGH RISK
U0957,7.111111111111111,1.5555555555555556,8,6.0,261,9,3,1,5,0,1,0.53,MEDIUM RISK
U0958,2.0,1.0,1,6.0,0,1,1,1,2,2,2,1.0,HIGH RISK
U0959,2.5,1.0,1,6.0,0,2,1,1,2,0,4,0.99,HIGH RISK
U0960,18.833333333333332,5.416666666666667,10,5.0,1188,12,2,0,3,3,3,0.02,LOW RISK
U0961,2.4166666666666665,1.4166666666666667,10,7.5,0,12,1,0,4,2,1,0.1,LOW RISK
U0962,8.083333333333334,2.0,12,5.0,348,12,3,0,1,4,3,0.01,LOW RISK
U0964,2.3333333333333335,1.0,0,6.0,0,3,1,1,3,2,1,1.0,HIGH RISK
U0965,2.5454545454545454,1.3636363636363635,14,3.5,0,11,1,1,4,3,4,0.72,HIGH RISK
U0967,20.166666666666668,5.666666666666667,5,6.8,1188,12,2,0,2,1,1,0.09,LOW RISK
U0968,3.0,1.4,6,6.0,0,5,1,1,2,0,1,1.0,HIGH RISK
U0970,8.583333333333334,2.25,12,7.0,348,12,3,0,5,2,3,0.12,LOW RISK
U0971,8.666666666666666,2.6666666666666665,2,6.0,87,3,3,1,4,2,3,0.98,HIGH RISK
U0972,35.0,8.0,0,6.0,399,1,0,1,1,4,3,0.76,HIGH RISK
U0973,18.416666666666668,5.416666666666667,14,5.0,1188,12,2,0,2,4,1,0.03,LOW RISK
U0974,2.8333333333333335,1.25,14,5.0,0,12,1,0,4,0,2,0.09,LOW RISK
U0975,2.75,1.25,11,5.8,0,12,1,0,4,0,2,0.25,LOW RISK
U0977,7.083333333333333,2.3333333333333335,11,3.6666666666666665,348,12,3,0,5,4,2,0.11,LOW RISK
U0978,2.0833333333333335,1.5833333333333333,14,5.0,0,12,1,0,1,1,0,0.11,LOW RISK
U0979,6.25,4.25,0,6.0,116,4,3,1,2,4,1,0.99,HIGH RISK
U0980,8.5,1.8333333333333333,13,4.333333333333333,348,12,3,0,4,1,1,0.1,LOW RISK
U0981,2.75,1.25,5,6.0,0,4,1,1,2,4,1,0.98,HIGH RISK
U0982,18.0,4.75,9,5.5,1188,12,2,0,0,0,1,0.34,LOW RISK
U0983,2.4166666666666665,1.3333333333333333,8,5.333333333333333,0,12,1,0,1,0,4,0.06,LOW RISK
U0984,2.6666666666666665,1.75,15,6.333333333333333,0,12,1,0,4,4,2,0.11,LOW RISK
U0985,15.0,6.0,18,6.0,1188,12,2,0,2,4,2,0.04,LOW RISK
U0986,5.0,3.5,0,6.0,58,2,3,1,5,0,3,0.97,HIGH RISK
U0987,7.333333333333333,2.0833333333333335,9,8.0,348,12,3,0,0,2,1,0.07,LOW RISK
U0988,7.714285714285714,2.142857142857143,5,8.5,203,7,3,1,1,1,2,0.89,HIGH RISK
U0991,17.25,5.583333333333333,10,7.0,1188,12,2,0,1,2,0,0.03,LOW RISK
U0993,2.0,1.0,0,6.0,0,1,1,1,3,2,2,1.0,HIGH RISK
U0995,4.0,1.0,0,6.0,0,1,1,1,5,0,1,1.0,HIGH RISK
U0996,1.8333333333333333,1.4166666666666667,11,4.0,0,12,1,0,5,4,1,0.67,MEDIUM RISK
U0997,32.583333333333336,9.833333333333334,1,8.5,4788,12,0,0,3,2,1,0.05,LOW RISK
U0998,2.25,1.6666666666666667,9,7.0,0,12,1,0,3,3,1,0.28,LOW RISK
U0999,30.833333333333332,10.0,4,8.0,2394,6,0,1,2,3,2,0.72,HIGH RISK
U1000,5.25,2.25,5,5.0,116,4,3,1,4,0,3,0.87,HIGH RISK
