user_id,signup_date,plan,industry,company_size,acquisition_channel,country
U0001,2023-01-01 00:00:00,free,Finance,11-50,referral,France
U0002,2023-01-01 08:00:00,enterprise,Retail,51-200,paid_search,UK
U0003,2023-01-01 16:00:00,pro,Healthcare,11-50,social,UK
U0004,2023-01-02 00:00:00,starter,Education,201-1000,organic,USA
U0005,2023-01-02 08:00:00,free,SaaS,11-50,referral,USA
U0006,2023-01-02 16:00:00,free,Education,1000+,referral,Canada
U0007,2023-01-03 00:00:00,free,Retail,201-1000,organic,UK
U0008,2023-01-03 08:00:00,pro,Retail,1-10,organic,Australia
U0009,2023-01-03 16:00:00,starter,SaaS,201-1000,referral,USA
U0010,2023-01-04 00:00:00,pro,Ecommerce,1-10,referral,USA
U0011,2023-01-04 08:00:00,free,SaaS,201-1000,organic,UK
U0012,2023-01-04 16:00:00,enterprise,Finance,11-50,referral,USA
U0013,2023-01-05 00:00:00,pro,Healthcare,201-1000,paid_search,USA
U0014,2023-01-05 08:00:00,free,Ecommerce,201-1000,referral,India
U0015,2023-01-05 16:00:00,free,SaaS,201-1000,organic,USA
U0016,2023-01-06 00:00:00,free,Education,51-200,social,Canada
U0017,2023-01-06 08:00:00,free,Ecommerce,11-50,organic,USA
U0018,2023-01-06 16:00:00,starter,Ecommerce,1-10,paid_search,USA
U0019,2023-01-07 00:00:00,starter,SaaS,11-50,organic,USA
U0020,2023-01-07 08:00:00,free,Ecommerce,1-10,organic,Australia
U0021,2023-01-07 16:00:00,starter,Education,51-200,paid_search,USA
U0022,2023-01-08 00:00:00,free,Retail,11-50,organic,India
U0023,2023-01-08 08:00:00,free,Ecommerce,1000+,social,USA
U0024,2023-01-08 16:00:00,free,Retail,51-200,organic,India
U0025,2023-01-09 00:00:00,starter,Education,201-1000,paid_search,USA
U0026,2023-01-09 08:00:00,pro,SaaS,1-10,organic,Germany
U0027,2023-01-09 16:00:00,free,Healthcare,201-1000,organic,Canada
U0028,2023-01-10 00:00:00,starter,Ecommerce,201-1000,organic,France
U0029,2023-01-10 08:00:00,starter,Healthcare,11-50,paid_search,USA
U0030,2023-01-10 16:00:00,free,Education,51-200,paid_search,USA
U0031,2023-01-11 00:00:00,starter,Ecommerce,51-200,paid_search,USA
U0032,2023-01-11 08:00:00,free,Retail,1-10,paid_search,Australia
U0033,2023-01-11 16:00:00,free,Finance,11-50,paid_search,Canada
U0034,2023-01-12 00:00:00,enterprise,Healthcare,11-50,organic,India
U0035,2023-01-12 08:00:00,enterprise,Ecommerce,1-10,paid_search,USA
U0036,2023-01-12 16:00:00,pro,Healthcare,11-50,direct,USA
U0037,2023-01-13 00:00:00,free,Ecommerce,1-10,paid_search,USA
U0038,2023-01-13 08:00:00,free,SaaS,1-10,referral,Other
U0039,2023-01-13 16:00:00,starter,Retail,1-10,organic,Germany
U0040,2023-01-14 00:00:00,starter,Healthcare,1000+,referral,Other
U0041,2023-01-14 08:00:00,free,Finance,11-50,referral,USA
U0042,2023-01-14 16:00:00,starter,Finance,1000+,paid_search,Canada
U0043,2023-01-15 00:00:00,free,Education,11-50,direct,Germany
U0044,2023-01-15 08:00:00,enterprise,Ecommerce,11-50,organic,USA
U0045,2023-01-15 16:00:00,free,Healthcare,11-50,organic,Australia
U0046,2023-01-16 00:00:00,starter,Education,11-50,referral,Other
U0047,2023-01-16 08:00:00,free,Healthcare,1-10,social,France
U0048,2023-01-16 16:00:00,starter,Ecommerce,51-200,organic,India
U0049,2023-01-17 00:00:00,starter,Finance,1-10,organic,USA
U0050,2023-01-17 08:00:00,free,SaaS,51-200,organic,USA
U0051,2023-01-17 16:00:00,enterprise,Finance,51-200,organic,Other
U0052,2023-01-18 00:00:00,pro,Education,1-10,referral,USA
U0053,2023-01-18 08:00:00,enterprise,Retail,1-10,paid_search,India
U0054,2023-01-18 16:00:00,pro,SaaS,51-200,organic,India
U0055,2023-01-19 00:00:00,starter,Education,11-50,paid_search,Germany
U0056,2023-01-19 08:00:00,enterprise,Ecommerce,1-10,organic,Other
U0057,2023-01-19 16:00:00,free,SaaS,1000+,organic,USA
U0058,2023-01-20 00:00:00,free,Education,1-10,referral,USA
U0059,2023-01-20 08:00:00,free,Ecommerce,51-200,direct,USA
U0060,2023-01-20 16:00:00,free,Finance,1000+,social,UK
U0061,2023-01-21 00:00:00,free,Retail,1-10,organic,USA
U0062,2023-01-21 08:00:00,free,Ecommerce,1-10,social,USA
U0063,2023-01-21 16:00:00,pro,Healthcare,1-10,referral,Australia
U0064,2023-01-22 00:00:00,free,Ecommerce,11-50,referral,Other
U0065,2023-01-22 08:00:00,free,Ecommerce,1-10,paid_search,USA
U0066,2023-01-22 16:00:00,starter,Retail,51-200,paid_search,USA
U0067,2023-01-23 00:00:00,free,Healthcare,1-10,organic,France
U0068,2023-01-23 08:00:00,pro,Education,11-50,organic,USA
U0069,2023-01-23 16:00:00,free,Education,1000+,organic,USA
U0070,2023-01-24 00:00:00,enterprise,Ecommerce,201-1000,organic,USA
U0071,2023-01-24 08:00:00,pro,Healthcare,51-200,paid_search,Canada
U0072,2023-01-24 16:00:00,free,Healthcare,11-50,referral,USA
U0073,2023-01-25 00:00:00,free,Retail,51-200,paid_search,Other
U0074,2023-01-25 08:00:00,pro,Finance,11-50,organic,UK
U0075,2023-01-25 16:00:00,pro,Education,11-50,direct,UK
U0076,2023-01-26 00:00:00,pro,Retail,1-10,direct,USA
U0077,2023-01-26 08:00:00,pro,SaaS,201-1000,referral,UK
U0078,2023-01-26 16:00:00,free,Education,11-50,direct,Germany
U0079,2023-01-27 00:00:00,free,Retail,1-10,paid_search,India
U0080,2023-01-27 08:00:00,free,Education,11-50,direct,India
U0081,2023-01-27 16:00:00,pro,Finance,11-50,organic,Canada
U0082,2023-01-28 00:00:00,starter,SaaS,201-1000,paid_search,France
U0083,2023-01-28 08:00:00,free,Finance,51-200,organic,Australia
U0084,2023-01-28 16:00:00,free,SaaS,51-200,organic,India
U0085,2023-01-29 00:00:00,free,Ecommerce,1-10,organic,USA
U0086,2023-01-29 08:00:00,free,Retail,11-50,referral,USA
U0087,2023-01-29 16:00:00,pro,SaaS,11-50,referral,USA
U0088,2023-01-30 00:00:00,starter,Finance,1-10,paid_search,Germany
U0089,2023-01-30 08:00:00,pro,Education,1-10,organic,UK
U0090,2023-01-30 16:00:00,starter,SaaS,51-200,social,UK
U0091,2023-01-31 00:00:00,free,Retail,1-10,referral,France
U0092,2023-01-31 08:00:00,pro,SaaS,11-50,paid_search,France
U0093,2023-01-31 16:00:00,pro,Healthcare,1-10,referral,France
U0094,2023-02-01 00:00:00,starter,Education,1-10,organic,USA
U0095,2023-02-01 08:00:00,pro,Retail,1-10,organic,Germany
U0096,2023-02-01 16:00:00,starter,Retail,1000+,social,USA
U0097,2023-02-02 00:00:00,starter,Ecommerce,201-1000,organic,USA
U0098,2023-02-02 08:00:00,starter,Finance,1000+,paid_search,USA
U0099,2023-02-02 16:00:00,free,Ecommerce,11-50,social,USA
U0100,2023-02-03 00:00:00,free,Retail,1-10,referral,UK
U0101,2023-02-03 08:00:00,free,Education,11-50,organic,Australia
U0102,2023-02-03 16:00:00,starter,SaaS,11-50,organic,USA
U0103,2023-02-04 00:00:00,free,SaaS,201-1000,organic,India
U0104,2023-02-04 08:00:00,starter,Education,1-10,referral,Canada
U0105,2023-02-04 16:00:00,enterprise,Retail,11-50,paid_search,USA
U0106,2023-02-05 00:00:00,free,SaaS,1-10,organic,UK
U0107,2023-02-05 08:00:00,starter,SaaS,11-50,direct,USA
U0108,2023-02-05 16:00:00,pro,SaaS,51-200,paid_search,Canada
U0109,2023-02-06 00:00:00,free,Finance,11-50,organic,UK
U0110,2023-02-06 08:00:00,free,Finance,11-50,paid_search,USA
U0111,2023-02-06 16:00:00,free,Healthcare,11-50,referral,USA
U0112,2023-02-07 00:00:00,free,Ecommerce,11-50,organic,Canada
U0113,2023-02-07 08:00:00,enterprise,Education,51-200,organic,France
U0114,2023-02-07 16:00:00,pro,Education,201-1000,social,USA
U0115,2023-02-08 00:00:00,starter,Education,1000+,paid_search,India
U0116,2023-02-08 08:00:00,pro,Healthcare,51-200,paid_search,Germany
U0117,2023-02-08 16:00:00,pro,Finance,11-50,paid_search,Other
U0118,2023-02-09 00:00:00,free,Retail,51-200,organic,Australia
U0119,2023-02-09 08:00:00,pro,Retail,11-50,organic,Canada
U0120,2023-02-09 16:00:00,starter,Healthcare,1-10,paid_search,Germany
U0121,2023-02-10 00:00:00,pro,Retail,201-1000,organic,France
U0122,2023-02-10 08:00:00,pro,Education,1-10,organic,USA
U0123,2023-02-10 16:00:00,free,Ecommerce,201-1000,social,USA
U0124,2023-02-11 00:00:00,free,SaaS,11-50,direct,USA
U0125,2023-02-11 08:00:00,free,Finance,51-200,referral,Australia
U0126,2023-02-11 16:00:00,starter,Finance,51-200,social,Australia
U0127,2023-02-12 00:00:00,pro,Healthcare,201-1000,organic,USA
U0128,2023-02-12 08:00:00,pro,Finance,51-200,direct,Canada
U0129,2023-02-12 16:00:00,free,Education,51-200,organic,UK
U0130,2023-02-13 00:00:00,starter,Retail,1-10,direct,USA
U0131,2023-02-13 08:00:00,starter,Education,11-50,direct,Other
U0132,2023-02-13 16:00:00,free,Healthcare,1-10,referral,USA
U0133,2023-02-14 00:00:00,free,Education,51-200,direct,USA
U0134,2023-02-14 08:00:00,free,Retail,11-50,paid_search,Canada
U0135,2023-02-14 16:00:00,enterprise,Ecommerce,51-200,organic,India
U0136,2023-02-15 00:00:00,free,Healthcare,1-10,paid_search,USA
U0137,2023-02-15 08:00:00,starter,Ecommerce,1-10,paid_search,Germany
U0138,2023-02-15 16:00:00,pro,SaaS,51-200,organic,Canada
U0139,2023-02-16 00:00:00,free,Ecommerce,1-10,referral,USA
U0140,2023-02-16 08:00:00,enterprise,SaaS,1-10,direct,USA
U0141,2023-02-16 16:00:00,enterprise,SaaS,1-10,organic,Canada
U0142,2023-02-17 00:00:00,free,Ecommerce,1000+,referral,USA
U0143,2023-02-17 08:00:00,starter,Healthcare,51-200,social,Other
U0144,2023-02-17 16:00:00,free,Retail,11-50,direct,Australia
U0145,2023-02-18 00:00:00,free,Education,1-10,direct,Other
U0146,2023-02-18 08:00:00,free,Education,11-50,paid_search,USA
U0147,2023-02-18 16:00:00,starter,Retail,51-200,direct,Other
U0148,2023-02-19 00:00:00,starter,SaaS,51-200,referral,UK
U0149,2023-02-19 08:00:00,free,SaaS,1-10,organic,USA
U0150,2023-02-19 16:00:00,free,Healthcare,1-10,paid_search,USA
U0151,2023-02-20 00:00:00,enterprise,Finance,1-10,referral,USA
U0152,2023-02-20 08:00:00,free,Ecommerce,51-200,organic,Germany
U0153,2023-02-20 16:00:00,free,SaaS,51-200,referral,UK
U0154,2023-02-21 00:00:00,starter,Education,1-10,referral,USA
U0155,2023-02-21 08:00:00,enterprise,Healthcare,1-10,organic,Canada
U0156,2023-02-21 16:00:00,free,Ecommerce,1-10,paid_search,USA
U0157,2023-02-22 00:00:00,starter,Healthcare,1000+,referral,Canada
U0158,2023-02-22 08:00:00,pro,Ecommerce,1-10,paid_search,USA
U0159,2023-02-22 16:00:00,free,Ecommerce,51-200,organic,Australia
U0160,2023-02-23 00:00:00,pro,Retail,51-200,organic,Australia
U0161,2023-02-23 08:00:00,free,SaaS,11-50,paid_search,UK
U0162,2023-02-23 16:00:00,starter,Healthcare,1-10,direct,USA
U0163,2023-02-24 00:00:00,starter,Healthcare,1-10,organic,USA
U0164,2023-02-24 08:00:00,starter,Retail,51-200,referral,Australia
U0165,2023-02-24 16:00:00,free,Education,51-200,organic,USA
U0166,2023-02-25 00:00:00,pro,Education,51-200,organic,USA
U0167,2023-02-25 08:00:00,free,SaaS,11-50,social,USA
U0168,2023-02-25 16:00:00,free,SaaS,1-10,referral,UK
U0169,2023-02-26 00:00:00,free,Finance,1000+,organic,UK
U0170,2023-02-26 08:00:00,starter,Retail,51-200,paid_search,Australia
U0171,2023-02-26 16:00:00,starter,Education,1-10,organic,USA
U0172,2023-02-27 00:00:00,free,Ecommerce,1000+,paid_search,USA
U0173,2023-02-27 08:00:00,starter,Healthcare,51-200,referral,Australia
U0174,2023-02-27 16:00:00,free,SaaS,11-50,organic,Australia
U0175,2023-02-28 00:00:00,starter,Healthcare,51-200,organic,USA
U0176,2023-02-28 08:00:00,free,Healthcare,201-1000,paid_search,UK
U0177,2023-02-28 16:00:00,starter,Finance,51-200,social,USA
U0178,2023-03-01 00:00:00,free,Education,1-10,direct,Other
U0179,2023-03-01 08:00:00,enterprise,SaaS,11-50,organic,USA
U0180,2023-03-01 16:00:00,free,Healthcare,201-1000,referral,Other
U0181,2023-03-02 00:00:00,free,SaaS,1-10,paid_search,Germany
U0182,2023-03-02 08:00:00,free,Ecommerce,11-50,paid_search,Canada
U0183,2023-03-02 16:00:00,enterprise,Finance,11-50,referral,USA
U0184,2023-03-03 00:00:00,pro,Ecommerce,11-50,social,UK
U0185,2023-03-03 08:00:00,free,SaaS,51-200,direct,UK
U0186,2023-03-03 16:00:00,starter,SaaS,201-1000,paid_search,USA
U0187,2023-03-04 00:00:00,pro,Education,1-10,paid_search,Germany
U0188,2023-03-04 08:00:00,starter,Healthcare,1-10,referral,Other
U0189,2023-03-04 16:00:00,starter,Healthcare,1-10,organic,Canada
U0190,2023-03-05 00:00:00,free,Ecommerce,201-1000,paid_search,India
U0191,2023-03-05 08:00:00,free,Finance,51-200,paid_search,USA
U0192,2023-03-05 16:00:00,pro,Retail,1-10,referral,UK
U0193,2023-03-06 00:00:00,enterprise,Healthcare,201-1000,organic,USA
U0194,2023-03-06 08:00:00,starter,Education,201-1000,organic,Canada
U0195,2023-03-06 16:00:00,free,Ecommerce,201-1000,social,Other
U0196,2023-03-07 00:00:00,free,Ecommerce,201-1000,organic,Germany
U0197,2023-03-07 08:00:00,pro,Retail,1-10,paid_search,USA
U0198,2023-03-07 16:00:00,pro,Education,51-200,organic,USA
U0199,2023-03-08 00:00:00,pro,Finance,11-50,organic,Canada
U0200,2023-03-08 08:00:00,pro,Education,201-1000,organic,UK
U0201,2023-03-08 16:00:00,starter,Finance,51-200,organic,Australia
U0202,2023-03-09 00:00:00,free,Education,51-200,social,Australia
U0203,2023-03-09 08:00:00,free,Education,51-200,organic,Canada
U0204,2023-03-09 16:00:00,pro,SaaS,1-10,direct,USA
U0205,2023-03-10 00:00:00,starter,Ecommerce,11-50,paid_search,USA
U0206,2023-03-10 08:00:00,free,Education,1000+,paid_search,USA
U0207,2023-03-10 16:00:00,free,Retail,201-1000,paid_search,USA
U0208,2023-03-11 00:00:00,starter,Education,1-10,paid_search,UK
U0209,2023-03-11 08:00:00,free,Healthcare,1-10,referral,Germany
U0210,2023-03-11 16:00:00,free,Ecommerce,1-10,organic,Germany
U0211,2023-03-12 00:00:00,starter,Healthcare,51-200,paid_search,USA
U0212,2023-03-12 08:00:00,starter,Ecommerce,201-1000,social,USA
U0213,2023-03-12 16:00:00,starter,Healthcare,1-10,direct,USA
U0214,2023-03-13 00:00:00,free,Education,11-50,social,USA
U0215,2023-03-13 08:00:00,pro,Education,201-1000,paid_search,Australia
U0216,2023-03-13 16:00:00,free,SaaS,51-200,referral,USA
U0217,2023-03-14 00:00:00,free,Retail,11-50,paid_search,UK
U0218,2023-03-14 08:00:00,pro,Healthcare,11-50,paid_search,USA
U0219,2023-03-14 16:00:00,starter,Finance,11-50,organic,France
U0220,2023-03-15 00:00:00,pro,SaaS,1-10,paid_search,Canada
U0221,2023-03-15 08:00:00,starter,Healthcare,11-50,organic,USA
U0222,2023-03-15 16:00:00,starter,Healthcare,51-200,organic,UK
U0223,2023-03-16 00:00:00,free,SaaS,201-1000,social,India
U0224,2023-03-16 08:00:00,free,Education,51-200,organic,Other
U0225,2023-03-16 16:00:00,free,Healthcare,51-200,organic,USA
U0226,2023-03-17 00:00:00,free,Education,1-10,organic,France
U0227,2023-03-17 08:00:00,enterprise,SaaS,11-50,direct,Other
U0228,2023-03-17 16:00:00,free,Education,1-10,paid_search,France
U0229,2023-03-18 00:00:00,pro,Ecommerce,1-10,paid_search,Germany
U0230,2023-03-18 08:00:00,starter,Finance,51-200,social,Germany
U0231,2023-03-18 16:00:00,pro,Healthcare,1000+,social,UK
U0232,2023-03-19 00:00:00,starter,Retail,1-10,organic,India
U0233,2023-03-19 08:00:00,starter,Finance,11-50,referral,Canada
U0234,2023-03-19 16:00:00,starter,Education,201-1000,referral,Germany
U0235,2023-03-20 00:00:00,free,Healthcare,1-10,referral,UK
U0236,2023-03-20 08:00:00,pro,Education,11-50,organic,India
U0237,2023-03-20 16:00:00,free,Ecommerce,51-200,social,Australia
U0238,2023-03-21 00:00:00,free,SaaS,51-200,paid_search,USA
U0239,2023-03-21 08:00:00,starter,Healthcare,1-10,organic,Australia
U0240,2023-03-21 16:00:00,free,Ecommerce,11-50,paid_search,Canada
U0241,2023-03-22 00:00:00,enterprise,Ecommerce,51-200,organic,Australia
U0242,2023-03-22 08:00:00,enterprise,Healthcare,11-50,organic,UK
U0243,2023-03-22 16:00:00,enterprise,Education,1-10,referral,USA
U0244,2023-03-23 00:00:00,free,Retail,51-200,organic,France
U0245,2023-03-23 08:00:00,free,Ecommerce,1-10,paid_search,USA
U0246,2023-03-23 16:00:00,enterprise,Finance,51-200,paid_search,Australia
U0247,2023-03-24 00:00:00,starter,Ecommerce,1-10,organic,UK
U0248,2023-03-24 08:00:00,enterprise,Retail,1000+,direct,UK
U0249,2023-03-24 16:00:00,enterprise,Education,11-50,organic,USA
U0250,2023-03-25 00:00:00,pro,Education,11-50,organic,Canada
U0251,2023-03-25 08:00:00,free,Finance,1-10,organic,USA
U0252,2023-03-25 16:00:00,free,Ecommerce,11-50,organic,USA
U0253,2023-03-26 00:00:00,pro,Education,201-1000,organic,USA
U0254,2023-03-26 08:00:00,free,Retail,1000+,referral,USA
U0255,2023-03-26 16:00:00,free,Healthcare,11-50,direct,Other
U0256,2023-03-27 00:00:00,starter,SaaS,11-50,organic,Other
U0257,2023-03-27 08:00:00,enterprise,SaaS,51-200,referral,USA
U0258,2023-03-27 16:00:00,starter,SaaS,201-1000,referral,India
U0259,2023-03-28 00:00:00,starter,Ecommerce,11-50,social,USA
U0260,2023-03-28 08:00:00,free,Finance,11-50,paid_search,Germany
U0261,2023-03-28 16:00:00,starter,Education,11-50,organic,Australia
U0262,2023-03-29 00:00:00,enterprise,Healthcare,51-200,organic,Other
U0263,2023-03-29 08:00:00,free,Retail,1-10,referral,UK
U0264,2023-03-29 16:00:00,starter,Healthcare,51-200,social,India
U0265,2023-03-30 00:00:00,pro,Retail,11-50,organic,USA
U0266,2023-03-30 08:00:00,pro,Ecommerce,51-200,paid_search,Other
U0267,2023-03-30 16:00:00,starter,SaaS,1-10,social,USA
U0268,2023-03-31 00:00:00,pro,Ecommerce,11-50,social,Canada
U0269,2023-03-31 08:00:00,free,Finance,11-50,direct,Germany
U0270,2023-03-31 16:00:00,free,Finance,51-200,referral,Germany
U0271,2023-04-01 00:00:00,pro,Retail,1-10,paid_search,USA
U0272,2023-04-01 08:00:00,pro,Education,11-50,paid_search,Other
U0273,2023-04-01 16:00:00,pro,Education,11-50,referral,USA
U0274,2023-04-02 00:00:00,enterprise,Retail,11-50,organic,Germany
U0275,2023-04-02 08:00:00,starter,Finance,51-200,paid_search,USA
U0276,2023-04-02 16:00:00,starter,Finance,51-200,referral,USA
U0277,2023-04-03 00:00:00,pro,Finance,201-1000,organic,Canada
U0278,2023-04-03 08:00:00,starter,Ecommerce,1-10,referral,UK
U0279,2023-04-03 16:00:00,pro,Finance,201-1000,paid_search,USA
U0280,2023-04-04 00:00:00,pro,Healthcare,11-50,direct,USA
U0281,2023-04-04 08:00:00,pro,SaaS,1-10,organic,UK
U0282,2023-04-04 16:00:00,free,Finance,1-10,organic,India
U0283,2023-04-05 00:00:00,free,Retail,11-50,referral,France
U0284,2023-04-05 08:00:00,free,SaaS,51-200,organic,USA
U0285,2023-04-05 16:00:00,starter,Ecommerce,51-200,referral,USA
U0286,2023-04-06 00:00:00,free,Retail,51-200,referral,USA
U0287,2023-04-06 08:00:00,starter,SaaS,11-50,organic,USA
U0288,2023-04-06 16:00:00,starter,Retail,11-50,paid_search,Germany
U0289,2023-04-07 00:00:00,free,Ecommerce,1-10,paid_search,Canada
U0290,2023-04-07 08:00:00,starter,Healthcare,11-50,paid_search,USA
U0291,2023-04-07 16:00:00,free,Ecommerce,11-50,direct,USA
U0292,2023-04-08 00:00:00,free,Ecommerce,1-10,social,USA
U0293,2023-04-08 08:00:00,pro,Retail,1-10,referral,Australia
U0294,2023-04-08 16:00:00,free,Education,11-50,referral,Other
U0295,2023-04-09 00:00:00,free,Finance,51-200,paid_search,USA
U0296,2023-04-09 08:00:00,starter,Finance,1000+,direct,USA
U0297,2023-04-09 16:00:00,pro,Healthcare,201-1000,referral,Australia
U0298,2023-04-10 00:00:00,free,Healthcare,51-200,referral,France
U0299,2023-04-10 08:00:00,starter,Finance,11-50,social,UK
U0300,2023-04-10 16:00:00,free,Education,51-200,organic,USA
U0301,2023-04-11 00:00:00,free,Finance,51-200,social,USA
U0302,2023-04-11 08:00:00,starter,Education,1-10,organic,Canada
U0303,2023-04-11 16:00:00,starter,Healthcare,11-50,organic,USA
U0304,2023-04-12 00:00:00,starter,SaaS,201-1000,organic,USA
U0305,2023-04-12 08:00:00,pro,Retail,11-50,direct,Canada
U0306,2023-04-12 16:00:00,enterprise,Healthcare,11-50,social,USA
U0307,2023-04-13 00:00:00,starter,Healthcare,11-50,referral,India
U0308,2023-04-13 08:00:00,free,Ecommerce,1-10,referral,USA
U0309,2023-04-13 16:00:00,pro,Ecommerce,11-50,paid_search,USA
U0310,2023-04-14 00:00:00,free,Ecommerce,11-50,direct,Canada
U0311,2023-04-14 08:00:00,starter,Retail,1-10,paid_search,USA
U0312,2023-04-14 16:00:00,free,Ecommerce,1-10,paid_search,Other
U0313,2023-04-15 00:00:00,free,Education,201-1000,organic,Canada
U0314,2023-04-15 08:00:00,enterprise,Finance,1-10,referral,USA
U0315,2023-04-15 16:00:00,pro,SaaS,11-50,referral,India
U0316,2023-04-16 00:00:00,starter,Healthcare,1-10,paid_search,USA
U0317,2023-04-16 08:00:00,starter,Education,201-1000,organic,France
U0318,2023-04-16 16:00:00,free,SaaS,1-10,social,USA
U0319,2023-04-17 00:00:00,free,Education,11-50,organic,Canada
U0320,2023-04-17 08:00:00,free,Education,201-1000,referral,USA
U0321,2023-04-17 16:00:00,starter,Healthcare,201-1000,direct,UK
U0322,2023-04-18 00:00:00,pro,Finance,1-10,paid_search,Australia
U0323,2023-04-18 08:00:00,starter,Ecommerce,201-1000,organic,Australia
U0324,2023-04-18 16:00:00,free,Retail,11-50,referral,USA
U0325,2023-04-19 00:00:00,enterprise,Finance,11-50,social,USA
U0326,2023-04-19 08:00:00,pro,Retail,1-10,paid_search,Australia
U0327,2023-04-19 16:00:00,starter,Healthcare,1-10,direct,Other
U0328,2023-04-20 00:00:00,starter,Healthcare,51-200,organic,USA
U0329,2023-04-20 08:00:00,starter,Healthcare,11-50,paid_search,UK
U0330,2023-04-20 16:00:00,free,SaaS,11-50,referral,USA
U0331,2023-04-21 00:00:00,free,Retail,51-200,social,France
U0332,2023-04-21 08:00:00,pro,Finance,51-200,organic,USA
U0333,2023-04-21 16:00:00,free,Finance,1-10,social,USA
U0334,2023-04-22 00:00:00,free,Education,51-200,paid_search,India
U0335,2023-04-22 08:00:00,free,Education,1-10,paid_search,USA
U0336,2023-04-22 16:00:00,free,Education,51-200,organic,UK
U0337,2023-04-23 00:00:00,pro,Healthcare,51-200,social,UK
U0338,2023-04-23 08:00:00,pro,Finance,1000+,organic,USA
U0339,2023-04-23 16:00:00,starter,Retail,1-10,organic,USA
U0340,2023-04-24 00:00:00,free,Healthcare,1-10,organic,Canada
U0341,2023-04-24 08:00:00,starter,SaaS,1-10,social,USA
U0342,2023-04-24 16:00:00,starter,Education,1-10,referral,Canada
U0343,2023-04-25 00:00:00,free,Healthcare,1-10,referral,Australia
U0344,2023-04-25 08:00:00,starter,Healthcare,201-1000,organic,India
U0345,2023-04-25 16:00:00,free,SaaS,1-10,referral,USA
U0346,2023-04-26 00:00:00,starter,Ecommerce,1-10,paid_search,USA
U0347,2023-04-26 08:00:00,starter,Finance,51-200,social,USA
U0348,2023-04-26 16:00:00,free,Retail,11-50,social,USA
U0349,2023-04-27 00:00:00,free,Ecommerce,51-200,organic,UK
U0350,2023-04-27 08:00:00,starter,Education,1-10,referral,Germany
U0351,2023-04-27 16:00:00,starter,Healthcare,11-50,organic,USA
U0352,2023-04-28 00:00:00,pro,SaaS,1-10,paid_search,USA
U0353,2023-04-28 08:00:00,starter,SaaS,1-10,organic,USA
U0354,2023-04-28 16:00:00,free,Finance,201-1000,organic,Germany
U0355,2023-04-29 00:00:00,free,Ecommerce,1-10,paid_search,USA
U0356,2023-04-29 08:00:00,starter,Finance,11-50,referral,Germany
U0357,2023-04-29 16:00:00,free,Healthcare,11-50,organic,USA
U0358,2023-04-30 00:00:00,starter,Finance,11-50,referral,France
U0359,2023-04-30 08:00:00,enterprise,Retail,201-1000,paid_search,France
U0360,2023-04-30 16:00:00,starter,SaaS,1-10,organic,USA
U0361,2023-05-01 00:00:00,free,SaaS,51-200,referral,USA
U0362,2023-05-01 08:00:00,starter,Education,1000+,organic,UK
U0363,2023-05-01 16:00:00,starter,Education,11-50,paid_search,USA
U0364,2023-05-02 00:00:00,starter,Healthcare,201-1000,referral,Germany
U0365,2023-05-02 08:00:00,enterprise,Retail,1-10,organic,Australia
U0366,2023-05-02 16:00:00,free,Ecommerce,11-50,organic,Germany
U0367,2023-05-03 00:00:00,enterprise,Finance,1-10,paid_search,Australia
U0368,2023-05-03 08:00:00,enterprise,Healthcare,51-200,direct,USA
U0369,2023-05-03 16:00:00,free,Education,1000+,referral,USA
U0370,2023-05-04 00:00:00,free,Finance,1-10,referral,India
U0371,2023-05-04 08:00:00,free,Education,51-200,referral,USA
U0372,2023-05-04 16:00:00,free,Finance,1-10,organic,Germany
U0373,2023-05-05 00:00:00,free,Ecommerce,11-50,paid_search,USA
U0374,2023-05-05 08:00:00,starter,Healthcare,11-50,referral,USA
U0375,2023-05-05 16:00:00,free,Finance,1000+,organic,Other
U0376,2023-05-06 00:00:00,free,Retail,51-200,organic,USA
U0377,2023-05-06 08:00:00,pro,SaaS,11-50,organic,Other
U0378,2023-05-06 16:00:00,free,Retail,1-10,paid_search,Other
U0379,2023-05-07 00:00:00,pro,Retail,1-10,direct,India
U0380,2023-05-07 08:00:00,free,SaaS,1-10,organic,Germany
U0381,2023-05-07 16:00:00,free,Retail,1-10,paid_search,Canada
U0382,2023-05-08 00:00:00,starter,Finance,201-1000,organic,Australia
U0383,2023-05-08 08:00:00,starter,Finance,11-50,direct,USA
U0384,2023-05-08 16:00:00,pro,Finance,11-50,organic,UK
U0385,2023-05-09 00:00:00,pro,SaaS,1-10,paid_search,Canada
U0386,2023-05-09 08:00:00,pro,Retail,201-1000,referral,UK
U0387,2023-05-09 16:00:00,free,SaaS,51-200,referral,UK
U0388,2023-05-10 00:00:00,free,Finance,1-10,paid_search,USA
U0389,2023-05-10 08:00:00,pro,Retail,51-200,organic,Canada
U0390,2023-05-10 16:00:00,pro,Retail,11-50,paid_search,Australia
U0391,2023-05-11 00:00:00,enterprise,Education,1-10,organic,USA
U0392,2023-05-11 08:00:00,starter,Education,11-50,organic,Other
U0393,2023-05-11 16:00:00,free,Ecommerce,11-50,paid_search,Germany
U0394,2023-05-12 00:00:00,pro,Healthcare,1-10,organic,Australia
U0395,2023-05-12 08:00:00,free,Education,201-1000,organic,Canada
U0396,2023-05-12 16:00:00,enterprise,SaaS,201-1000,referral,India
U0397,2023-05-13 00:00:00,pro,Education,51-200,direct,USA
U0398,2023-05-13 08:00:00,starter,Ecommerce,11-50,referral,Australia
U0399,2023-05-13 16:00:00,pro,Retail,11-50,organic,USA
U0400,2023-05-14 00:00:00,pro,Ecommerce,51-200,organic,France
U0401,2023-05-14 08:00:00,free,Retail,11-50,direct,Other
U0402,2023-05-14 16:00:00,enterprise,Retail,1-10,organic,USA
U0403,2023-05-15 00:00:00,starter,Healthcare,11-50,organic,USA
U0404,2023-05-15 08:00:00,pro,Education,201-1000,paid_search,India
U0405,2023-05-15 16:00:00,free,SaaS,11-50,referral,USA
U0406,2023-05-16 00:00:00,pro,SaaS,1-10,referral,Australia
U0407,2023-05-16 08:00:00,free,Finance,51-200,organic,USA
U0408,2023-05-16 16:00:00,free,Retail,1-10,organic,USA
U0409,2023-05-17 00:00:00,enterprise,SaaS,1-10,direct,Other
U0410,2023-05-17 08:00:00,free,Healthcare,1-10,organic,Germany
U0411,2023-05-17 16:00:00,free,Retail,11-50,referral,Australia
U0412,2023-05-18 00:00:00,enterprise,Healthcare,51-200,referral,USA
U0413,2023-05-18 08:00:00,enterprise,SaaS,11-50,referral,Germany
U0414,2023-05-18 16:00:00,starter,SaaS,1-10,organic,Canada
U0415,2023-05-19 00:00:00,starter,Finance,201-1000,organic,Canada
U0416,2023-05-19 08:00:00,starter,SaaS,201-1000,paid_search,Germany
U0417,2023-05-19 16:00:00,free,Retail,201-1000,social,Canada
U0418,2023-05-20 00:00:00,free,Retail,1-10,direct,UK
U0419,2023-05-20 08:00:00,starter,Retail,11-50,organic,USA
U0420,2023-05-20 16:00:00,pro,Finance,1000+,organic,India
U0421,2023-05-21 00:00:00,pro,Finance,51-200,direct,USA
U0422,2023-05-21 08:00:00,pro,SaaS,1-10,referral,Germany
U0423,2023-05-21 16:00:00,free,Ecommerce,1-10,social,USA
U0424,2023-05-22 00:00:00,starter,Ecommerce,11-50,organic,Germany
U0425,2023-05-22 08:00:00,free,Finance,201-1000,paid_search,India
U0426,2023-05-22 16:00:00,starter,SaaS,11-50,referral,USA
U0427,2023-05-23 00:00:00,starter,Ecommerce,11-50,referral,USA
U0428,2023-05-23 08:00:00,pro,SaaS,1-10,paid_search,USA
U0429,2023-05-23 16:00:00,free,SaaS,51-200,organic,Canada
U0430,2023-05-24 00:00:00,free,SaaS,201-1000,paid_search,Australia
U0431,2023-05-24 08:00:00,free,Education,11-50,organic,USA
U0432,2023-05-24 16:00:00,pro,Retail,51-200,paid_search,India
U0433,2023-05-25 00:00:00,starter,SaaS,1000+,direct,USA
U0434,2023-05-25 08:00:00,free,Education,1-10,paid_search,UK
U0435,2023-05-25 16:00:00,free,Finance,11-50,social,France
U0436,2023-05-26 00:00:00,pro,Ecommerce,1-10,organic,USA
U0437,2023-05-26 08:00:00,free,Retail,51-200,referral,UK
U0438,2023-05-26 16:00:00,pro,Ecommerce,11-50,direct,USA
U0439,2023-05-27 00:00:00,pro,Retail,51-200,organic,USA
U0440,2023-05-27 08:00:00,free,Ecommerce,51-200,organic,USA
U0441,2023-05-27 16:00:00,free,Retail,11-50,paid_search,USA
U0442,2023-05-28 00:00:00,enterprise,Ecommerce,201-1000,organic,Germany
U0443,2023-05-28 08:00:00,free,Ecommerce,11-50,referral,UK
U0444,2023-05-28 16:00:00,free,Ecommerce,1-10,social,Canada
U0445,2023-05-29 00:00:00,pro,Ecommerce,51-200,paid_search,USA
U0446,2023-05-29 08:00:00,enterprise,Finance,51-200,organic,USA
U0447,2023-05-29 16:00:00,enterprise,SaaS,11-50,paid_search,Germany
U0448,2023-05-30 00:00:00,pro,Healthcare,201-1000,referral,Other
U0449,2023-05-30 08:00:00,free,Education,201-1000,organic,USA
U0450,2023-05-30 16:00:00,free,Healthcare,1-10,paid_search,France
U0451,2023-05-31 00:00:00,pro,Healthcare,1000+,referral,Canada
U0452,2023-05-31 08:00:00,starter,Retail,1-10,referral,Canada
U0453,2023-05-31 16:00:00,starter,SaaS,1-10,organic,UK
U0454,2023-06-01 00:00:00,enterprise,Retail,1-10,referral,USA
U0455,2023-06-01 08:00:00,free,SaaS,201-1000,organic,USA
U0456,2023-06-01 16:00:00,starter,SaaS,51-200,organic,Canada
U0457,2023-06-02 00:00:00,free,Ecommerce,1-10,social,USA
U0458,2023-06-02 08:00:00,starter,Finance,11-50,referral,France
U0459,2023-06-02 16:00:00,free,Ecommerce,51-200,organic,UK
U0460,2023-06-03 00:00:00,free,Finance,1-10,organic,USA
U0461,2023-06-03 08:00:00,free,Retail,201-1000,organic,India
U0462,2023-06-03 16:00:00,starter,Finance,201-1000,organic,USA
U0463,2023-06-04 00:00:00,pro,Retail,11-50,organic,Canada
U0464,2023-06-04 08:00:00,starter,Healthcare,1000+,organic,Germany
U0465,2023-06-04 16:00:00,enterprise,Healthcare,11-50,paid_search,France
U0466,2023-06-05 00:00:00,free,Finance,1000+,referral,India
U0467,2023-06-05 08:00:00,free,Finance,51-200,referral,Germany
U0468,2023-06-05 16:00:00,pro,Retail,51-200,referral,Germany
U0469,2023-06-06 00:00:00,free,Ecommerce,1-10,organic,Other
U0470,2023-06-06 08:00:00,enterprise,Retail,201-1000,direct,USA
U0471,2023-06-06 16:00:00,free,Ecommerce,11-50,social,USA
U0472,2023-06-07 00:00:00,enterprise,Healthcare,1-10,social,USA
U0473,2023-06-07 08:00:00,free,SaaS,1-10,social,USA
U0474,2023-06-07 16:00:00,pro,Finance,11-50,direct,Germany
U0475,2023-06-08 00:00:00,starter,Ecommerce,11-50,paid_search,Germany
U0476,2023-06-08 08:00:00,enterprise,Retail,51-200,organic,Canada
U0477,2023-06-08 16:00:00,free,Healthcare,201-1000,referral,USA
U0478,2023-06-09 00:00:00,starter,Ecommerce,1-10,referral,India
U0479,2023-06-09 08:00:00,enterprise,Retail,51-200,referral,USA
U0480,2023-06-09 16:00:00,starter,Finance,1-10,paid_search,Germany
U0481,2023-06-10 00:00:00,starter,Finance,201-1000,organic,Canada
U0482,2023-06-10 08:00:00,starter,Education,201-1000,paid_search,USA
U0483,2023-06-10 16:00:00,starter,SaaS,11-50,direct,USA
U0484,2023-06-11 00:00:00,starter,Education,51-200,paid_search,USA
U0485,2023-06-11 08:00:00,starter,Healthcare,11-50,paid_search,Australia
U0486,2023-06-11 16:00:00,enterprise,Ecommerce,11-50,organic,France
U0487,2023-06-12 00:00:00,free,Healthcare,201-1000,paid_search,Germany
U0488,2023-06-12 08:00:00,free,Retail,11-50,social,USA
U0489,2023-06-12 16:00:00,enterprise,Finance,11-50,referral,UK
U0490,2023-06-13 00:00:00,pro,Education,11-50,referral,India
U0491,2023-06-13 08:00:00,starter,Education,201-1000,paid_search,India
U0492,2023-06-13 16:00:00,starter,Education,11-50,referral,USA
U0493,2023-06-14 00:00:00,free,Healthcare,1-10,organic,USA
U0494,2023-06-14 08:00:00,free,Finance,51-200,referral,India
U0495,2023-06-14 16:00:00,starter,Ecommerce,201-1000,paid_search,USA
U0496,2023-06-15 00:00:00,free,Retail,1-10,paid_search,USA
U0497,2023-06-15 08:00:00,starter,Ecommerce,1-10,referral,USA
U0498,2023-06-15 16:00:00,free,Healthcare,1-10,direct,Canada
U0499,2023-06-16 00:00:00,enterprise,Retail,11-50,organic,Australia
U0500,2023-06-16 08:00:00,enterprise,Education,11-50,social,Other
U0501,2023-06-16 16:00:00,starter,SaaS,51-200,organic,Canada
U0502,2023-06-17 00:00:00,starter,Healthcare,51-200,paid_search,UK
U0503,2023-06-17 08:00:00,free,Healthcare,51-200,organic,USA
U0504,2023-06-17 16:00:00,pro,Finance,11-50,organic,Canada
U0505,2023-06-18 00:00:00,starter,Ecommerce,201-1000,paid_search,USA
U0506,2023-06-18 08:00:00,free,Healthcare,11-50,organic,Canada
U0507,2023-06-18 16:00:00,enterprise,Healthcare,1000+,paid_search,USA
U0508,2023-06-19 00:00:00,pro,Education,51-200,direct,USA
U0509,2023-06-19 08:00:00,enterprise,Education,1-10,organic,USA
U0510,2023-06-19 16:00:00,pro,Retail,51-200,referral,USA
U0511,2023-06-20 00:00:00,starter,SaaS,11-50,paid_search,USA
U0512,2023-06-20 08:00:00,starter,Finance,51-200,referral,USA
U0513,2023-06-20 16:00:00,enterprise,SaaS,1-10,organic,Other
U0514,2023-06-21 00:00:00,pro,Retail,1-10,organic,UK
U0515,2023-06-21 08:00:00,free,Education,201-1000,organic,Canada
U0516,2023-06-21 16:00:00,free,Ecommerce,1-10,organic,France
U0517,2023-06-22 00:00:00,free,Education,201-1000,organic,Other
U0518,2023-06-22 08:00:00,pro,Finance,1-10,referral,Canada
U0519,2023-06-22 16:00:00,enterprise,Education,51-200,social,Australia
U0520,2023-06-23 00:00:00,free,Finance,51-200,social,USA
U0521,2023-06-23 08:00:00,starter,Finance,11-50,referral,USA
U0522,2023-06-23 16:00:00,free,Finance,11-50,organic,UK
U0523,2023-06-24 00:00:00,enterprise,Retail,1-10,organic,Germany
U0524,2023-06-24 08:00:00,pro,Finance,1-10,organic,Germany
U0525,2023-06-24 16:00:00,pro,Finance,11-50,organic,USA
U0526,2023-06-25 00:00:00,starter,Ecommerce,51-200,paid_search,USA
U0527,2023-06-25 08:00:00,starter,SaaS,201-1000,paid_search,Germany
U0528,2023-06-25 16:00:00,free,Healthcare,201-1000,paid_search,USA
U0529,2023-06-26 00:00:00,free,SaaS,51-200,paid_search,Canada
U0530,2023-06-26 08:00:00,pro,Finance,51-200,social,Germany
U0531,2023-06-26 16:00:00,pro,Ecommerce,51-200,referral,India
U0532,2023-06-27 00:00:00,enterprise,Education,1-10,organic,India
U0533,2023-06-27 08:00:00,enterprise,Ecommerce,201-1000,social,France
U0534,2023-06-27 16:00:00,starter,Finance,51-200,direct,UK
U0535,2023-06-28 00:00:00,pro,Ecommerce,11-50,organic,India
U0536,2023-06-28 08:00:00,enterprise,Ecommerce,1-10,paid_search,Canada
U0537,2023-06-28 16:00:00,pro,Finance,11-50,paid_search,USA
U0538,2023-06-29 00:00:00,free,Retail,11-50,direct,USA
U0539,2023-06-29 08:00:00,starter,Ecommerce,201-1000,social,USA
U0540,2023-06-29 16:00:00,free,Healthcare,11-50,organic,UK
U0541,2023-06-30 00:00:00,enterprise,Healthcare,11-50,paid_search,Canada
U0542,2023-06-30 08:00:00,starter,Ecommerce,1000+,paid_search,Australia
U0543,2023-06-30 16:00:00,free,Retail,1-10,paid_search,USA
U0544,2023-07-01 00:00:00,starter,Education,11-50,organic,USA
U0545,2023-07-01 08:00:00,starter,Finance,1-10,social,Other
U0546,2023-07-01 16:00:00,free,Healthcare,51-200,referral,USA
U0547,2023-07-02 00:00:00,free,Education,201-1000,social,UK
U0548,2023-07-02 08:00:00,starter,Ecommerce,1-10,social,Canada
U0549,2023-07-02 16:00:00,starter,Education,201-1000,referral,Canada
U0550,2023-07-03 00:00:00,pro,SaaS,1-10,paid_search,USA
U0551,2023-07-03 08:00:00,starter,Healthcare,201-1000,referral,USA
U0552,2023-07-03 16:00:00,pro,Ecommerce,51-200,organic,USA
U0553,2023-07-04 00:00:00,starter,Finance,201-1000,referral,Canada
U0554,2023-07-04 08:00:00,starter,Retail,1-10,organic,Canada
U0555,2023-07-04 16:00:00,pro,Ecommerce,1000+,referral,USA
U0556,2023-07-05 00:00:00,starter,Finance,51-200,organic,Germany
U0557,2023-07-05 08:00:00,free,Retail,11-50,organic,Australia
U0558,2023-07-05 16:00:00,free,Retail,201-1000,organic,USA
U0559,2023-07-06 00:00:00,pro,Ecommerce,1-10,organic,UK
U0560,2023-07-06 08:00:00,starter,Education,201-1000,referral,Germany
U0561,2023-07-06 16:00:00,pro,Education,1-10,referral,USA
U0562,2023-07-07 00:00:00,free,Retail,51-200,paid_search,USA
U0563,2023-07-07 08:00:00,free,Education,11-50,organic,Canada
U0564,2023-07-07 16:00:00,free,SaaS,1-10,organic,France
U0565,2023-07-08 00:00:00,free,Retail,1-10,organic,Australia
U0566,2023-07-08 08:00:00,starter,Retail,1-10,organic,Canada
U0567,2023-07-08 16:00:00,free,Finance,11-50,social,India
U0568,2023-07-09 00:00:00,starter,Education,11-50,organic,USA
U0569,2023-07-09 08:00:00,enterprise,Retail,11-50,paid_search,Germany
U0570,2023-07-09 16:00:00,free,SaaS,1-10,organic,UK
U0571,2023-07-10 00:00:00,starter,Finance,1-10,organic,USA
U0572,2023-07-10 08:00:00,pro,Ecommerce,51-200,paid_search,India
U0573,2023-07-10 16:00:00,free,Retail,1-10,referral,Canada
U0574,2023-07-11 00:00:00,starter,SaaS,201-1000,organic,USA
U0575,2023-07-11 08:00:00,pro,Healthcare,201-1000,organic,France
U0576,2023-07-11 16:00:00,enterprise,SaaS,51-200,paid_search,USA
U0577,2023-07-12 00:00:00,free,SaaS,11-50,organic,USA
U0578,2023-07-12 08:00:00,enterprise,Finance,201-1000,organic,USA
U0579,2023-07-12 16:00:00,starter,Ecommerce,1-10,direct,India
U0580,2023-07-13 00:00:00,free,Healthcare,1-10,referral,India
U0581,2023-07-13 08:00:00,starter,Education,1-10,paid_search,USA
U0582,2023-07-13 16:00:00,enterprise,Education,51-200,paid_search,Germany
U0583,2023-07-14 00:00:00,starter,SaaS,1-10,paid_search,USA
U0584,2023-07-14 08:00:00,free,Finance,11-50,paid_search,India
U0585,2023-07-14 16:00:00,starter,Finance,1000+,referral,UK
U0586,2023-07-15 00:00:00,free,Education,201-1000,referral,UK
U0587,2023-07-15 08:00:00,free,Healthcare,11-50,organic,Other
U0588,2023-07-15 16:00:00,free,Ecommerce,1-10,paid_search,USA
U0589,2023-07-16 00:00:00,free,Healthcare,201-1000,paid_search,USA
U0590,2023-07-16 08:00:00,free,Retail,11-50,social,Canada
U0591,2023-07-16 16:00:00,free,Retail,1-10,referral,Other
U0592,2023-07-17 00:00:00,starter,Ecommerce,1-10,paid_search,USA
U0593,2023-07-17 08:00:00,free,Education,201-1000,organic,USA
U0594,2023-07-17 16:00:00,free,Ecommerce,51-200,referral,USA
U0595,2023-07-18 00:00:00,pro,Finance,201-1000,organic,UK
U0596,2023-07-18 08:00:00,starter,Retail,201-1000,organic,USA
U0597,2023-07-18 16:00:00,starter,SaaS,11-50,organic,Germany
U0598,2023-07-19 00:00:00,free,SaaS,11-50,referral,Other
U0599,2023-07-19 08:00:00,free,Education,11-50,organic,UK
U0600,2023-07-19 16:00:00,free,Finance,11-50,paid_search,USA
U0601,2023-07-20 00:00:00,free,Healthcare,11-50,social,UK
U0602,2023-07-20 08:00:00,free,Finance,51-200,organic,USA
U0603,2023-07-20 16:00:00,free,SaaS,51-200,paid_search,France
U0604,2023-07-21 00:00:00,free,SaaS,201-1000,paid_search,UK
U0605,2023-07-21 08:00:00,free,Retail,11-50,organic,USA
U0606,2023-07-21 16:00:00,starter,Finance,51-200,referral,Germany
U0607,2023-07-22 00:00:00,free,Finance,51-200,organic,UK
U0608,2023-07-22 08:00:00,free,SaaS,11-50,paid_search,Germany
U0609,2023-07-22 16:00:00,starter,Healthcare,51-200,paid_search,USA
U0610,2023-07-23 00:00:00,starter,Education,1-10,referral,Australia
U0611,2023-07-23 08:00:00,free,Education,11-50,referral,Other
U0612,2023-07-23 16:00:00,pro,Finance,1-10,organic,Germany
U0613,2023-07-24 00:00:00,starter,Education,11-50,organic,Other
U0614,2023-07-24 08:00:00,free,SaaS,11-50,referral,USA
U0615,2023-07-24 16:00:00,pro,SaaS,51-200,paid_search,UK
U0616,2023-07-25 00:00:00,enterprise,Finance,1000+,social,Canada
U0617,2023-07-25 08:00:00,free,Finance,51-200,social,Canada
U0618,2023-07-25 16:00:00,free,Retail,51-200,social,UK
U0619,2023-07-26 00:00:00,pro,Finance,11-50,paid_search,USA
U0620,2023-07-26 08:00:00,pro,Healthcare,51-200,organic,USA
U0621,2023-07-26 16:00:00,free,Education,1-10,referral,USA
U0622,2023-07-27 00:00:00,free,Finance,1-10,paid_search,USA
U0623,2023-07-27 08:00:00,free,Ecommerce,11-50,organic,India
U0624,2023-07-27 16:00:00,starter,Retail,11-50,social,USA
U0625,2023-07-28 00:00:00,starter,Ecommerce,1-10,social,USA
U0626,2023-07-28 08:00:00,free,SaaS,1-10,paid_search,Canada
U0627,2023-07-28 16:00:00,starter,Education,1-10,organic,Canada
U0628,2023-07-29 00:00:00,pro,Finance,1000+,paid_search,France
U0629,2023-07-29 08:00:00,free,Ecommerce,11-50,social,Canada
U0630,2023-07-29 16:00:00,free,Education,11-50,social,USA
U0631,2023-07-30 00:00:00,pro,SaaS,1-10,organic,Australia
U0632,2023-07-30 08:00:00,pro,Healthcare,51-200,organic,Canada
U0633,2023-07-30 16:00:00,starter,Retail,1-10,social,USA
U0634,2023-07-31 00:00:00,starter,Education,1-10,paid_search,Canada
U0635,2023-07-31 08:00:00,free,Education,11-50,paid_search,France
U0636,2023-07-31 16:00:00,starter,Healthcare,1-10,direct,USA
U0637,2023-08-01 00:00:00,starter,Education,1-10,organic,USA
U0638,2023-08-01 08:00:00,free,SaaS,1-10,referral,USA
U0639,2023-08-01 16:00:00,free,SaaS,1-10,organic,USA
U0640,2023-08-02 00:00:00,free,Healthcare,1-10,paid_search,UK
U0641,2023-08-02 08:00:00,free,Retail,11-50,social,Canada
U0642,2023-08-02 16:00:00,free,Finance,201-1000,paid_search,USA
U0643,2023-08-03 00:00:00,free,Ecommerce,11-50,direct,Other
U0644,2023-08-03 08:00:00,free,Finance,11-50,paid_search,India
U0645,2023-08-03 16:00:00,free,Education,1-10,organic,Canada
U0646,2023-08-04 00:00:00,pro,Ecommerce,201-1000,organic,Australia
U0647,2023-08-04 08:00:00,starter,Healthcare,11-50,paid_search,USA
U0648,2023-08-04 16:00:00,starter,Healthcare,1-10,paid_search,UK
U0649,2023-08-05 00:00:00,pro,Retail,51-200,organic,Germany
U0650,2023-08-05 08:00:00,starter,Ecommerce,1-10,paid_search,Australia
U0651,2023-08-05 16:00:00,free,SaaS,11-50,paid_search,India
U0652,2023-08-06 00:00:00,starter,Ecommerce,11-50,referral,USA
U0653,2023-08-06 08:00:00,starter,Education,201-1000,referral,Other
U0654,2023-08-06 16:00:00,pro,SaaS,11-50,referral,USA
U0655,2023-08-07 00:00:00,starter,Healthcare,51-200,organic,France
U0656,2023-08-07 08:00:00,free,Ecommerce,1000+,organic,Other
U0657,2023-08-07 16:00:00,free,Finance,1-10,referral,USA
U0658,2023-08-08 00:00:00,free,Retail,1-10,paid_search,India
U0659,2023-08-08 08:00:00,starter,Finance,11-50,organic,USA
U0660,2023-08-08 16:00:00,starter,Retail,11-50,social,UK
U0661,2023-08-09 00:00:00,free,Education,11-50,referral,UK
U0662,2023-08-09 08:00:00,enterprise,Finance,201-1000,paid_search,Canada
U0663,2023-08-09 16:00:00,starter,Ecommerce,51-200,organic,Other
U0664,2023-08-10 00:00:00,free,Ecommerce,51-200,referral,Germany
U0665,2023-08-10 08:00:00,free,Finance,11-50,paid_search,UK
U0666,2023-08-10 16:00:00,free,Ecommerce,201-1000,referral,Australia
U0667,2023-08-11 00:00:00,free,Education,1000+,referral,Other
U0668,2023-08-11 08:00:00,free,SaaS,201-1000,social,USA
U0669,2023-08-11 16:00:00,free,Education,1-10,paid_search,Other
U0670,2023-08-12 00:00:00,free,Retail,51-200,organic,USA
U0671,2023-08-12 08:00:00,free,Education,1-10,referral,Australia
U0672,2023-08-12 16:00:00,pro,Retail,1-10,referral,USA
U0673,2023-08-13 00:00:00,free,Ecommerce,1-10,referral,USA
U0674,2023-08-13 08:00:00,starter,SaaS,51-200,organic,UK
U0675,2023-08-13 16:00:00,starter,Ecommerce,51-200,organic,Germany
U0676,2023-08-14 00:00:00,enterprise,Healthcare,1-10,social,USA
U0677,2023-08-14 08:00:00,free,Ecommerce,11-50,referral,USA
U0678,2023-08-14 16:00:00,free,Retail,11-50,social,Canada
U0679,2023-08-15 00:00:00,enterprise,Ecommerce,11-50,referral,France
U0680,2023-08-15 08:00:00,pro,Ecommerce,1-10,paid_search,USA
U0681,2023-08-15 16:00:00,pro,SaaS,11-50,referral,USA
U0682,2023-08-16 00:00:00,free,Ecommerce,51-200,social,UK
U0683,2023-08-16 08:00:00,free,SaaS,1-10,paid_search,USA
U0684,2023-08-16 16:00:00,starter,Finance,1-10,referral,Australia
U0685,2023-08-17 00:00:00,enterprise,Healthcare,11-50,organic,Australia
U0686,2023-08-17 08:00:00,starter,SaaS,201-1000,paid_search,Canada
U0687,2023-08-17 16:00:00,starter,Retail,51-200,referral,USA
U0688,2023-08-18 00:00:00,free,Finance,51-200,organic,India
U0689,2023-08-18 08:00:00,pro,SaaS,11-50,organic,Canada
U0690,2023-08-18 16:00:00,free,SaaS,11-50,organic,Australia
U0691,2023-08-19 00:00:00,free,Healthcare,1-10,organic,Germany
U0692,2023-08-19 08:00:00,starter,Retail,51-200,organic,India
U0693,2023-08-19 16:00:00,starter,Education,201-1000,paid_search,Canada
U0694,2023-08-20 00:00:00,free,Education,51-200,social,UK
U0695,2023-08-20 08:00:00,free,SaaS,201-1000,paid_search,Other
U0696,2023-08-20 16:00:00,starter,Ecommerce,51-200,organic,Canada
U0697,2023-08-21 00:00:00,free,Retail,1-10,organic,Canada
U0698,2023-08-21 08:00:00,starter,Finance,201-1000,referral,USA
U0699,2023-08-21 16:00:00,free,Ecommerce,1-10,paid_search,Germany
U0700,2023-08-22 00:00:00,starter,Ecommerce,11-50,social,Canada
U0701,2023-08-22 08:00:00,starter,Retail,1-10,referral,USA
U0702,2023-08-22 16:00:00,free,SaaS,1-10,referral,USA
U0703,2023-08-23 00:00:00,free,SaaS,11-50,organic,Canada
U0704,2023-08-23 08:00:00,free,SaaS,1-10,referral,India
U0705,2023-08-23 16:00:00,free,SaaS,11-50,organic,Canada
U0706,2023-08-24 00:00:00,enterprise,Education,11-50,direct,USA
U0707,2023-08-24 08:00:00,free,SaaS,1-10,referral,Germany
U0708,2023-08-24 16:00:00,pro,Education,1-10,organic,USA
U0709,2023-08-25 00:00:00,free,Education,11-50,organic,UK
U0710,2023-08-25 08:00:00,starter,SaaS,11-50,organic,USA
U0711,2023-08-25 16:00:00,pro,Healthcare,51-200,referral,USA
U0712,2023-08-26 00:00:00,starter,Finance,51-200,organic,USA
U0713,2023-08-26 08:00:00,starter,Ecommerce,201-1000,paid_search,USA
U0714,2023-08-26 16:00:00,starter,Education,51-200,organic,USA
U0715,2023-08-27 00:00:00,free,Retail,11-50,referral,USA
U0716,2023-08-27 08:00:00,enterprise,Retail,51-200,social,UK
U0717,2023-08-27 16:00:00,pro,Finance,1-10,referral,UK
U0718,2023-08-28 00:00:00,enterprise,Retail,11-50,referral,USA
U0719,2023-08-28 08:00:00,free,Healthcare,51-200,organic,Australia
U0720,2023-08-28 16:00:00,pro,Retail,11-50,organic,USA
U0721,2023-08-29 00:00:00,enterprise,Ecommerce,51-200,referral,UK
U0722,2023-08-29 08:00:00,free,Ecommerce,201-1000,paid_search,USA
U0723,2023-08-29 16:00:00,free,Education,201-1000,paid_search,USA
U0724,2023-08-30 00:00:00,pro,SaaS,201-1000,organic,Canada
U0725,2023-08-30 08:00:00,starter,Healthcare,11-50,organic,Canada
U0726,2023-08-30 16:00:00,pro,Education,11-50,organic,France
U0727,2023-08-31 00:00:00,free,Healthcare,11-50,social,Canada
U0728,2023-08-31 08:00:00,pro,SaaS,11-50,organic,Other
U0729,2023-08-31 16:00:00,free,Retail,51-200,paid_search,USA
U0730,2023-09-01 00:00:00,free,Retail,51-200,organic,USA
U0731,2023-09-01 08:00:00,free,SaaS,51-200,referral,USA
U0732,2023-09-01 16:00:00,pro,Education,11-50,organic,USA
U0733,2023-09-02 00:00:00,starter,SaaS,1-10,social,Canada
U0734,2023-09-02 08:00:00,starter,Finance,11-50,social,Germany
U0735,2023-09-02 16:00:00,free,Ecommerce,1-10,organic,USA
U0736,2023-09-03 00:00:00,pro,Education,201-1000,social,Other
U0737,2023-09-03 08:00:00,free,Healthcare,11-50,direct,Australia
U0738,2023-09-03 16:00:00,pro,Finance,1-10,social,USA
U0739,2023-09-04 00:00:00,starter,Education,1-10,social,USA
U0740,2023-09-04 08:00:00,free,SaaS,51-200,organic,USA
U0741,2023-09-04 16:00:00,starter,SaaS,51-200,paid_search,USA
U0742,2023-09-05 00:00:00,free,SaaS,11-50,organic,USA
U0743,2023-09-05 08:00:00,pro,SaaS,1-10,organic,UK
U0744,2023-09-05 16:00:00,starter,Healthcare,11-50,direct,USA
U0745,2023-09-06 00:00:00,free,Finance,11-50,organic,USA
U0746,2023-09-06 08:00:00,pro,Retail,51-200,referral,Other
U0747,2023-09-06 16:00:00,free,Ecommerce,51-200,social,Germany
U0748,2023-09-07 00:00:00,starter,Healthcare,11-50,social,Other
U0749,2023-09-07 08:00:00,enterprise,Healthcare,1-10,direct,USA
U0750,2023-09-07 16:00:00,starter,Retail,1000+,organic,USA
U0751,2023-09-08 00:00:00,free,Retail,11-50,organic,Canada
U0752,2023-09-08 08:00:00,enterprise,Ecommerce,51-200,paid_search,USA
U0753,2023-09-08 16:00:00,starter,Ecommerce,1-10,organic,USA
U0754,2023-09-09 00:00:00,free,Retail,11-50,organic,Germany
U0755,2023-09-09 08:00:00,free,SaaS,1-10,paid_search,Germany
U0756,2023-09-09 16:00:00,pro,Healthcare,11-50,referral,UK
U0757,2023-09-10 00:00:00,starter,Education,1000+,paid_search,UK
U0758,2023-09-10 08:00:00,starter,Ecommerce,11-50,organic,UK
U0759,2023-09-10 16:00:00,pro,Ecommerce,1-10,referral,USA
U0760,2023-09-11 00:00:00,pro,Retail,1-10,organic,USA
U0761,2023-09-11 08:00:00,free,Finance,11-50,organic,USA
U0762,2023-09-11 16:00:00,free,Education,1-10,referral,USA
U0763,2023-09-12 00:00:00,free,Education,1-10,referral,Other
U0764,2023-09-12 08:00:00,pro,Ecommerce,51-200,referral,Canada
U0765,2023-09-12 16:00:00,free,SaaS,11-50,organic,India
U0766,2023-09-13 00:00:00,starter,Finance,1-10,social,USA
U0767,2023-09-13 08:00:00,pro,Education,201-1000,referral,USA
U0768,2023-09-13 16:00:00,pro,Ecommerce,1-10,paid_search,USA
U0769,2023-09-14 00:00:00,free,Education,1000+,referral,USA
U0770,2023-09-14 08:00:00,pro,Finance,11-50,social,USA
U0771,2023-09-14 16:00:00,free,Finance,201-1000,paid_search,India
U0772,2023-09-15 00:00:00,pro,Healthcare,51-200,paid_search,Germany
U0773,2023-09-15 08:00:00,free,Retail,201-1000,direct,Canada
U0774,2023-09-15 16:00:00,free,Retail,1000+,referral,UK
U0775,2023-09-16 00:00:00,pro,Ecommerce,1-10,paid_search,France
U0776,2023-09-16 08:00:00,free,Finance,1000+,referral,USA
U0777,2023-09-16 16:00:00,free,Healthcare,11-50,paid_search,USA
U0778,2023-09-17 00:00:00,pro,Healthcare,11-50,organic,USA
U0779,2023-09-17 08:00:00,pro,Education,11-50,paid_search,India
U0780,2023-09-17 16:00:00,starter,Education,11-50,direct,Other
U0781,2023-09-18 00:00:00,starter,Healthcare,1-10,direct,USA
U0782,2023-09-18 08:00:00,starter,Education,11-50,organic,France
U0783,2023-09-18 16:00:00,free,Finance,11-50,paid_search,Australia
U0784,2023-09-19 00:00:00,free,SaaS,51-200,organic,USA
U0785,2023-09-19 08:00:00,free,Finance,201-1000,direct,USA
U0786,2023-09-19 16:00:00,enterprise,Healthcare,11-50,direct,UK
U0787,2023-09-20 00:00:00,starter,Healthcare,11-50,referral,Other
U0788,2023-09-20 08:00:00,starter,Finance,1-10,social,USA
U0789,2023-09-20 16:00:00,starter,Education,1-10,referral,India
U0790,2023-09-21 00:00:00,enterprise,Education,1-10,paid_search,USA
U0791,2023-09-21 08:00:00,free,Retail,11-50,organic,India
U0792,2023-09-21 16:00:00,starter,Healthcare,1-10,paid_search,UK
U0793,2023-09-22 00:00:00,starter,Ecommerce,1000+,referral,Canada
U0794,2023-09-22 08:00:00,starter,Retail,11-50,referral,Australia
U0795,2023-09-22 16:00:00,free,Education,11-50,paid_search,Australia
U0796,2023-09-23 00:00:00,pro,Finance,11-50,direct,Australia
U0797,2023-09-23 08:00:00,enterprise,Education,1-10,organic,USA
U0798,2023-09-23 16:00:00,starter,Finance,11-50,paid_search,Germany
U0799,2023-09-24 00:00:00,starter,Retail,51-200,referral,USA
U0800,2023-09-24 08:00:00,enterprise,Healthcare,11-50,referral,UK
U0801,2023-09-24 16:00:00,pro,Education,11-50,referral,Canada
U0802,2023-09-25 00:00:00,free,Finance,1000+,organic,UK
U0803,2023-09-25 08:00:00,starter,Healthcare,201-1000,organic,UK
U0804,2023-09-25 16:00:00,starter,Ecommerce,51-200,referral,Other
U0805,2023-09-26 00:00:00,starter,Finance,11-50,paid_search,USA
U0806,2023-09-26 08:00:00,pro,Retail,51-200,organic,Germany
U0807,2023-09-26 16:00:00,enterprise,Ecommerce,1-10,referral,USA
U0808,2023-09-27 00:00:00,enterprise,Ecommerce,11-50,paid_search,USA
U0809,2023-09-27 08:00:00,starter,SaaS,1-10,referral,USA
U0810,2023-09-27 16:00:00,free,Education,11-50,social,Other
U0811,2023-09-28 00:00:00,enterprise,Finance,11-50,organic,France
U0812,2023-09-28 08:00:00,pro,Ecommerce,1-10,organic,France
U0813,2023-09-28 16:00:00,free,SaaS,1000+,referral,Other
U0814,2023-09-29 00:00:00,enterprise,Retail,201-1000,referral,USA
U0815,2023-09-29 08:00:00,pro,Healthcare,51-200,referral,USA
U0816,2023-09-29 16:00:00,starter,Finance,11-50,social,Germany
U0817,2023-09-30 00:00:00,starter,Ecommerce,201-1000,social,UK
U0818,2023-09-30 08:00:00,free,Education,1-10,direct,UK
U0819,2023-09-30 16:00:00,free,SaaS,51-200,paid_search,USA
U0820,2023-10-01 00:00:00,free,Ecommerce,1-10,paid_search,Canada
U0821,2023-10-01 08:00:00,pro,Education,51-200,paid_search,Canada
U0822,2023-10-01 16:00:00,free,Ecommerce,1-10,organic,USA
U0823,2023-10-02 00:00:00,free,Finance,201-1000,paid_search,UK
U0824,2023-10-02 08:00:00,free,Finance,201-1000,organic,Canada
U0825,2023-10-02 16:00:00,starter,Finance,1-10,direct,Canada
U0826,2023-10-03 00:00:00,enterprise,Retail,11-50,paid_search,USA
U0827,2023-10-03 08:00:00,free,Retail,1000+,paid_search,India
U0828,2023-10-03 16:00:00,free,SaaS,11-50,paid_search,USA
U0829,2023-10-04 00:00:00,pro,Finance,201-1000,organic,USA
U0830,2023-10-04 08:00:00,starter,Education,11-50,organic,India
U0831,2023-10-04 16:00:00,free,Ecommerce,11-50,paid_search,Canada
U0832,2023-10-05 00:00:00,starter,Healthcare,1-10,organic,USA
U0833,2023-10-05 08:00:00,free,Education,1-10,referral,Germany
U0834,2023-10-05 16:00:00,free,Retail,51-200,social,Canada
U0835,2023-10-06 00:00:00,starter,Retail,11-50,social,India
U0836,2023-10-06 08:00:00,starter,Education,11-50,referral,India
U0837,2023-10-06 16:00:00,enterprise,Retail,11-50,organic,Canada
U0838,2023-10-07 00:00:00,free,Finance,11-50,social,UK
U0839,2023-10-07 08:00:00,starter,SaaS,201-1000,social,USA
U0840,2023-10-07 16:00:00,starter,Ecommerce,1000+,organic,USA
U0841,2023-10-08 00:00:00,free,SaaS,11-50,referral,UK
U0842,2023-10-08 08:00:00,starter,Ecommerce,201-1000,organic,Canada
U0843,2023-10-08 16:00:00,free,Ecommerce,51-200,social,UK
U0844,2023-10-09 00:00:00,enterprise,SaaS,11-50,direct,USA
U0845,2023-10-09 08:00:00,free,Education,1000+,organic,USA
U0846,2023-10-09 16:00:00,starter,Ecommerce,1-10,social,UK
U0847,2023-10-10 00:00:00,free,SaaS,1-10,referral,USA
U0848,2023-10-10 08:00:00,enterprise,Ecommerce,201-1000,direct,India
U0849,2023-10-10 16:00:00,starter,Healthcare,11-50,paid_search,USA
U0850,2023-10-11 00:00:00,starter,Education,201-1000,social,Canada
U0851,2023-10-11 08:00:00,free,Finance,201-1000,organic,Other
U0852,2023-10-11 16:00:00,pro,Ecommerce,1-10,organic,USA
U0853,2023-10-12 00:00:00,free,Healthcare,201-1000,organic,UK
U0854,2023-10-12 08:00:00,pro,Finance,11-50,direct,USA
U0855,2023-10-12 16:00:00,free,Finance,11-50,social,Germany
U0856,2023-10-13 00:00:00,free,Ecommerce,51-200,social,Canada
U0857,2023-10-13 08:00:00,free,SaaS,201-1000,direct,UK
U0858,2023-10-13 16:00:00,starter,Ecommerce,1-10,organic,Canada
U0859,2023-10-14 00:00:00,starter,Healthcare,11-50,paid_search,France
U0860,2023-10-14 08:00:00,free,Finance,51-200,organic,USA
U0861,2023-10-14 16:00:00,pro,Ecommerce,51-200,organic,USA
U0862,2023-10-15 00:00:00,starter,SaaS,51-200,organic,Australia
U0863,2023-10-15 08:00:00,starter,Ecommerce,1-10,paid_search,Canada
U0864,2023-10-15 16:00:00,starter,Education,1-10,organic,France
U0865,2023-10-16 00:00:00,starter,SaaS,11-50,organic,Canada
U0866,2023-10-16 08:00:00,starter,Healthcare,201-1000,organic,Australia
U0867,2023-10-16 16:00:00,free,Finance,1-10,organic,UK
U0868,2023-10-17 00:00:00,free,Ecommerce,1-10,direct,India
U0869,2023-10-17 08:00:00,pro,SaaS,1000+,referral,France
U0870,2023-10-17 16:00:00,enterprise,Education,1-10,direct,Canada
U0871,2023-10-18 00:00:00,free,SaaS,1000+,paid_search,USA
U0872,2023-10-18 08:00:00,free,Retail,51-200,organic,USA
U0873,2023-10-18 16:00:00,starter,Education,201-1000,referral,USA
U0874,2023-10-19 00:00:00,starter,Healthcare,1-10,organic,USA
U0875,2023-10-19 08:00:00,free,Finance,1-10,organic,USA
U0876,2023-10-19 16:00:00,free,Healthcare,51-200,organic,Canada
U0877,2023-10-20 00:00:00,pro,Ecommerce,201-1000,organic,Canada
U0878,2023-10-20 08:00:00,starter,SaaS,51-200,organic,UK
U0879,2023-10-20 16:00:00,free,Retail,1-10,paid_search,Canada
U0880,2023-10-21 00:00:00,free,Education,51-200,referral,USA
U0881,2023-10-21 08:00:00,free,Education,51-200,organic,USA
U0882,2023-10-21 16:00:00,starter,SaaS,51-200,organic,USA
U0883,2023-10-22 00:00:00,free,Retail,51-200,social,UK
U0884,2023-10-22 08:00:00,free,SaaS,201-1000,organic,USA
U0885,2023-10-22 16:00:00,pro,Ecommerce,51-200,organic,USA
U0886,2023-10-23 00:00:00,free,Healthcare,1-10,social,UK
U0887,2023-10-23 08:00:00,starter,Education,11-50,organic,Australia
U0888,2023-10-23 16:00:00,free,Ecommerce,1-10,organic,USA
U0889,2023-10-24 00:00:00,free,Healthcare,11-50,paid_search,Germany
U0890,2023-10-24 08:00:00,free,Ecommerce,11-50,organic,Germany
U0891,2023-10-24 16:00:00,pro,Retail,1-10,paid_search,India
U0892,2023-10-25 00:00:00,pro,Education,11-50,social,Other
U0893,2023-10-25 08:00:00,pro,SaaS,1-10,organic,USA
U0894,2023-10-25 16:00:00,free,SaaS,201-1000,paid_search,USA
U0895,2023-10-26 00:00:00,starter,Healthcare,201-1000,paid_search,France
U0896,2023-10-26 08:00:00,free,Finance,1-10,organic,UK
U0897,2023-10-26 16:00:00,free,Retail,1000+,referral,Canada
U0898,2023-10-27 00:00:00,pro,Healthcare,11-50,organic,Germany
U0899,2023-10-27 08:00:00,free,Finance,1-10,paid_search,Germany
U0900,2023-10-27 16:00:00,free,Ecommerce,1-10,organic,Other
U0901,2023-10-28 00:00:00,free,Retail,11-50,paid_search,Other
U0902,2023-10-28 08:00:00,free,Ecommerce,51-200,organic,India
U0903,2023-10-28 16:00:00,free,Education,51-200,social,USA
U0904,2023-10-29 00:00:00,starter,Retail,1-10,organic,France
U0905,2023-10-29 08:00:00,starter,Finance,1-10,paid_search,USA
U0906,2023-10-29 16:00:00,pro,Education,11-50,paid_search,USA
U0907,2023-10-30 00:00:00,pro,SaaS,1-10,referral,France
U0908,2023-10-30 08:00:00,free,Finance,1-10,paid_search,USA
U0909,2023-10-30 16:00:00,free,Healthcare,1-10,referral,USA
U0910,2023-10-31 00:00:00,free,SaaS,201-1000,referral,USA
U0911,2023-10-31 08:00:00,starter,SaaS,201-1000,social,Australia
U0912,2023-10-31 16:00:00,free,Healthcare,11-50,organic,UK
U0913,2023-11-01 00:00:00,starter,Retail,201-1000,paid_search,Germany
U0914,2023-11-01 08:00:00,starter,SaaS,11-50,social,USA
U0915,2023-11-01 16:00:00,starter,Finance,11-50,direct,India
U0916,2023-11-02 00:00:00,starter,Education,1-10,social,India
U0917,2023-11-02 08:00:00,free,SaaS,51-200,paid_search,USA
U0918,2023-11-02 16:00:00,enterprise,Finance,1000+,organic,UK
U0919,2023-11-03 00:00:00,pro,Ecommerce,51-200,paid_search,USA
U0920,2023-11-03 08:00:00,free,Finance,11-50,referral,Other
U0921,2023-11-03 16:00:00,pro,Education,51-200,paid_search,Germany
U0922,2023-11-04 00:00:00,starter,Finance,1-10,paid_search,Other
U0923,2023-11-04 08:00:00,pro,Healthcare,201-1000,social,USA
U0924,2023-11-04 16:00:00,pro,Education,11-50,paid_search,India
U0925,2023-11-05 00:00:00,starter,Retail,11-50,social,India
U0926,2023-11-05 08:00:00,free,Ecommerce,11-50,paid_search,Germany
U0927,2023-11-05 16:00:00,free,Healthcare,51-200,organic,Other
U0928,2023-11-06 00:00:00,starter,Retail,1-10,paid_search,USA
U0929,2023-11-06 08:00:00,starter,Finance,51-200,referral,USA
U0930,2023-11-06 16:00:00,free,Education,1-10,organic,Germany
U0931,2023-11-07 00:00:00,free,Ecommerce,51-200,organic,India
U0932,2023-11-07 08:00:00,pro,Healthcare,201-1000,direct,Canada
U0933,2023-11-07 16:00:00,enterprise,Retail,201-1000,organic,USA
U0934,2023-11-08 00:00:00,starter,Retail,11-50,paid_search,UK
U0935,2023-11-08 08:00:00,free,Ecommerce,11-50,paid_search,USA
U0936,2023-11-08 16:00:00,free,Finance,1-10,paid_search,UK
U0937,2023-11-09 00:00:00,free,Ecommerce,51-200,referral,Germany
U0938,2023-11-09 08:00:00,enterprise,Retail,1-10,organic,India
U0939,2023-11-09 16:00:00,free,SaaS,11-50,paid_search,USA
U0940,2023-11-10 00:00:00,starter,Healthcare,1-10,paid_search,UK
U0941,2023-11-10 08:00:00,free,Ecommerce,1-10,referral,USA
U0942,2023-11-10 16:00:00,starter,Retail,51-200,organic,USA
U0943,2023-11-11 00:00:00,starter,Finance,1-10,paid_search,India
U0944,2023-11-11 08:00:00,pro,Retail,51-200,organic,France
U0945,2023-11-11 16:00:00,free,Finance,11-50,organic,USA
U0946,2023-11-12 00:00:00,free,Ecommerce,1-10,organic,India
U0947,2023-11-12 08:00:00,free,Finance,11-50,organic,France
U0948,2023-11-12 16:00:00,enterprise,Education,1-10,social,Australia
U0949,2023-11-13 00:00:00,pro,Education,1-10,organic,USA
U0950,2023-11-13 08:00:00,starter,Education,51-200,direct,Other
U0951,2023-11-13 16:00:00,starter,SaaS,1-10,direct,USA
U0952,2023-11-14 00:00:00,starter,Ecommerce,201-1000,paid_search,USA
U0953,2023-11-14 08:00:00,free,Retail,1-10,organic,USA
U0954,2023-11-14 16:00:00,enterprise,Retail,1-10,paid_search,UK
U0955,2023-11-15 00:00:00,starter,SaaS,51-200,referral,USA
U0956,2023-11-15 08:00:00,free,Finance,11-50,paid_search,USA
U0957,2023-11-15 16:00:00,starter,SaaS,1-10,organic,USA
U0958,2023-11-16 00:00:00,free,Finance,11-50,paid_search,Australia
U0959,2023-11-16 08:00:00,free,Finance,1-10,social,France
U0960,2023-11-16 16:00:00,pro,Healthcare,201-1000,referral,USA
U0961,2023-11-17 00:00:00,free,Retail,11-50,organic,Australia
U0962,2023-11-17 08:00:00,starter,Education,51-200,referral,Australia
U0963,2023-11-17 16:00:00,free,Finance,201-1000,organic,India
U0964,2023-11-18 00:00:00,free,Healthcare,11-50,organic,USA
U0965,2023-11-18 08:00:00,free,Retail,201-1000,social,Germany
U0966,2023-11-18 16:00:00,free,Education,11-50,organic,Other
U0967,2023-11-19 00:00:00,pro,Finance,1000+,organic,Germany
U0968,2023-11-19 08:00:00,free,Finance,1-10,organic,USA
U0969,2023-11-19 16:00:00,starter,SaaS,51-200,social,UK
U0970,2023-11-20 00:00:00,starter,SaaS,11-50,referral,Germany
U0971,2023-11-20 08:00:00,starter,Retail,11-50,referral,UK
U0972,2023-11-20 16:00:00,enterprise,Education,51-200,referral,USA
U0973,2023-11-21 00:00:00,pro,Finance,51-200,organic,USA
U0974,2023-11-21 08:00:00,free,Retail,1-10,paid_search,Australia
U0975,2023-11-21 16:00:00,free,Retail,1-10,paid_search,Australia
U0976,2023-11-22 00:00:00,free,Ecommerce,51-200,organic,USA
U0977,2023-11-22 08:00:00,starter,SaaS,51-200,paid_search,Other
U0978,2023-11-22 16:00:00,free,Education,1000+,direct,USA
U0979,2023-11-23 00:00:00,starter,Finance,51-200,organic,Germany
U0980,2023-11-23 08:00:00,starter,Retail,1000+,organic,India
U0981,2023-11-23 16:00:00,free,Finance,51-200,organic,Australia
U0982,2023-11-24 00:00:00,pro,Ecommerce,1-10,organic,Other
U0983,2023-11-24 08:00:00,free,Education,1-10,social,USA
U0984,2023-11-24 16:00:00,free,Retail,51-200,paid_search,Australia
U0985,2023-11-25 00:00:00,pro,Finance,51-200,paid_search,USA
U0986,2023-11-25 08:00:00,starter,SaaS,1-10,referral,India
U0987,2023-11-25 16:00:00,starter,Ecommerce,11-50,organic,India
U0988,2023-11-26 00:00:00,starter,Education,1000+,paid_search,Germany
U0989,2023-11-26 08:00:00,free,Ecommerce,11-50,paid_search,USA
U0990,2023-11-26 16:00:00,pro,SaaS,11-50,paid_search,France
U0991,2023-11-27 00:00:00,pro,Education,11-50,direct,USA
U0992,2023-11-27 08:00:00,starter,Ecommerce,1-10,referral,USA
U0993,2023-11-27 16:00:00,free,Healthcare,11-50,paid_search,India
U0994,2023-11-28 00:00:00,starter,SaaS,11-50,social,UK
U0995,2023-11-28 08:00:00,free,SaaS,1-10,organic,Australia
U0996,2023-11-28 16:00:00,free,SaaS,51-200,organic,USA
U0997,2023-11-29 00:00:00,enterprise,Healthcare,11-50,organic,USA
U0998,2023-11-29 08:00:00,free,Healthcare,201-1000,organic,Australia
U0999,2023-11-29 16:00:00,enterprise,Finance,201-1000,paid_search,Canada
U1000,2023-11-30 00:00:00,starter,Retail,1-10,referral,USA
